-- phpMyAdmin SQL Dump
-- version 5.2.0
-- https://www.phpmyadmin.net/
--
-- Hôte : 127.0.0.1:3307
-- Généré le : jeu. 05 jan. 2023 à 23:29
-- Version du serveur : 10.4.13-MariaDB
-- Version de PHP : 8.0.22

SET SQL_MODE = "NO_AUTO_VALUE_ON_ZERO";
START TRANSACTION;
SET time_zone = "+00:00";


/*!40101 SET @OLD_CHARACTER_SET_CLIENT=@@CHARACTER_SET_CLIENT */;
/*!40101 SET @OLD_CHARACTER_SET_RESULTS=@@CHARACTER_SET_RESULTS */;
/*!40101 SET @OLD_COLLATION_CONNECTION=@@COLLATION_CONNECTION */;
/*!40101 SET NAMES utf8mb4 */;

--
-- Base de données : `db_spotifish`
--
CREATE DATABASE IF NOT EXISTS `db_spotifish`;
USE `db_spotifish`;

-- --------------------------------------------------------

--
-- Structure de la table `account`
--

DROP TABLE IF EXISTS `account`;
CREATE TABLE IF NOT EXISTS `account` (
  `id` int(11) NOT NULL AUTO_INCREMENT,
  `birth_date` date DEFAULT NULL,
  `created_at` datetime NOT NULL,
  `email` varchar(255) NOT NULL,
  `gender` varchar(2) NOT NULL,
  `name` varchar(255) NOT NULL,
  `newsletter` tinyint(1) NOT NULL,
  `password` varchar(255) NOT NULL,
  PRIMARY KEY (`id`)
) ENGINE=InnoDB AUTO_INCREMENT=301;

--
-- Déchargement des données de la table `account`
--

INSERT INTO `account` (`id`, `birth_date`, `created_at`, `email`, `gender`, `name`, `newsletter`, `password`) VALUES
(1, '1999-02-10', '2015-09-04 10:16:56', 'rbailly@gautier.fr', 'F', 'capucine.pineau', 1, '$argon2id$v=19$m=65536,t=4,p=1$4yD0D7X7Yi9hg/m3Kaz6mA$wp8B28igsh3A6KeUSw7zuGyMNEgzHFJsVQw/sFPbv3A'),
(2, '1994-11-18', '2016-11-16 22:14:27', 'charles.legrand@noos.fr', 'NB', 'clerc.dorothee', 1, '$argon2id$v=19$m=65536,t=4,p=1$4yD0D7X7Yi9hg/m3Kaz6mA$wp8B28igsh3A6KeUSw7zuGyMNEgzHFJsVQw/sFPbv3A'),
(3, '1985-12-17', '2016-03-03 16:41:17', 'camille32@barbier.fr', 'H', 'rousseau.gerard', 1, '$argon2id$v=19$m=65536,t=4,p=1$4yD0D7X7Yi9hg/m3Kaz6mA$wp8B28igsh3A6KeUSw7zuGyMNEgzHFJsVQw/sFPbv3A'),
(4, '1986-12-28', '2020-08-23 12:09:28', 'ubernard@noos.fr', 'F', 'david.menard', 0, '$argon2id$v=19$m=65536,t=4,p=1$4yD0D7X7Yi9hg/m3Kaz6mA$wp8B28igsh3A6KeUSw7zuGyMNEgzHFJsVQw/sFPbv3A'),
(5, '1990-04-28', '2018-08-23 09:39:20', 'fdeoliveira@garnier.net', 'NB', 'colette61', 0, '$argon2id$v=19$m=65536,t=4,p=1$4yD0D7X7Yi9hg/m3Kaz6mA$wp8B28igsh3A6KeUSw7zuGyMNEgzHFJsVQw/sFPbv3A'),
(6, '1989-09-15', '2021-12-31 22:48:31', 'apaul@hamel.com', 'F', 'andre.dumont', 0, '$argon2id$v=19$m=65536,t=4,p=1$4yD0D7X7Yi9hg/m3Kaz6mA$wp8B28igsh3A6KeUSw7zuGyMNEgzHFJsVQw/sFPbv3A'),
(7, '1999-12-13', '2018-10-30 06:58:16', 'kmarie@pages.fr', 'H', 'louis22', 1, '$argon2id$v=19$m=65536,t=4,p=1$4yD0D7X7Yi9hg/m3Kaz6mA$wp8B28igsh3A6KeUSw7zuGyMNEgzHFJsVQw/sFPbv3A'),
(8, '1982-12-10', '2020-11-12 07:08:17', 'diane59@wanadoo.fr', 'F', 'eugene.baron', 1, '$argon2id$v=19$m=65536,t=4,p=1$4yD0D7X7Yi9hg/m3Kaz6mA$wp8B28igsh3A6KeUSw7zuGyMNEgzHFJsVQw/sFPbv3A'),
(9, '1990-04-10', '2021-11-18 14:32:04', 'achauvet@yahoo.fr', 'NB', 'traore.isabelle', 0, '$argon2id$v=19$m=65536,t=4,p=1$4yD0D7X7Yi9hg/m3Kaz6mA$wp8B28igsh3A6KeUSw7zuGyMNEgzHFJsVQw/sFPbv3A'),
(10, '1998-08-07', '2020-03-23 03:35:51', 'emmanuelle73@yahoo.fr', 'NB', 'philippe.chauveau', 1, '$argon2id$v=19$m=65536,t=4,p=1$4yD0D7X7Yi9hg/m3Kaz6mA$wp8B28igsh3A6KeUSw7zuGyMNEgzHFJsVQw/sFPbv3A'),
(11, '1996-12-30', '2021-04-26 08:31:41', 'xschmitt@delannoy.fr', 'NR', 'jean29', 1, '$argon2id$v=19$m=65536,t=4,p=1$4yD0D7X7Yi9hg/m3Kaz6mA$wp8B28igsh3A6KeUSw7zuGyMNEgzHFJsVQw/sFPbv3A'),
(12, '1988-06-20', '2015-03-06 00:41:02', 'timothee.raynaud@free.fr', 'NB', 'michelle78', 1, '$argon2id$v=19$m=65536,t=4,p=1$4yD0D7X7Yi9hg/m3Kaz6mA$wp8B28igsh3A6KeUSw7zuGyMNEgzHFJsVQw/sFPbv3A'),
(13, '1996-08-06', '2019-05-06 11:32:14', 'henri77@noos.fr', 'NR', 'hoareau.amelie', 1, '$argon2id$v=19$m=65536,t=4,p=1$4yD0D7X7Yi9hg/m3Kaz6mA$wp8B28igsh3A6KeUSw7zuGyMNEgzHFJsVQw/sFPbv3A'),
(14, '1989-10-03', '2020-10-19 11:22:38', 'emilie16@morel.com', 'NR', 'lucy38', 0, '$argon2id$v=19$m=65536,t=4,p=1$4yD0D7X7Yi9hg/m3Kaz6mA$wp8B28igsh3A6KeUSw7zuGyMNEgzHFJsVQw/sFPbv3A'),
(15, '1992-03-25', '2019-09-25 03:26:03', 'colette22@munoz.com', 'H', 'roger.nicolas', 0, '$argon2id$v=19$m=65536,t=4,p=1$4yD0D7X7Yi9hg/m3Kaz6mA$wp8B28igsh3A6KeUSw7zuGyMNEgzHFJsVQw/sFPbv3A'),
(16, '1984-11-04', '2020-04-15 04:15:28', 'tvoisin@gmail.com', 'NR', 'rossi.laetitia', 0, '$argon2id$v=19$m=65536,t=4,p=1$4yD0D7X7Yi9hg/m3Kaz6mA$wp8B28igsh3A6KeUSw7zuGyMNEgzHFJsVQw/sFPbv3A'),
(17, '1981-05-04', '2015-10-23 20:16:04', 'yves78@hotmail.fr', 'F', 'simone96', 1, '$argon2id$v=19$m=65536,t=4,p=1$4yD0D7X7Yi9hg/m3Kaz6mA$wp8B28igsh3A6KeUSw7zuGyMNEgzHFJsVQw/sFPbv3A'),
(18, '1993-04-01', '2020-09-02 07:17:25', 'aime26@lucas.fr', 'F', 'nath27', 0, '$argon2id$v=19$m=65536,t=4,p=1$4yD0D7X7Yi9hg/m3Kaz6mA$wp8B28igsh3A6KeUSw7zuGyMNEgzHFJsVQw/sFPbv3A'),
(19, '1986-07-30', '2022-01-12 21:35:56', 'kmarchand@nicolas.com', 'F', 'rodrigues.nathalie', 1, '$argon2id$v=19$m=65536,t=4,p=1$4yD0D7X7Yi9hg/m3Kaz6mA$wp8B28igsh3A6KeUSw7zuGyMNEgzHFJsVQw/sFPbv3A'),
(20, '1989-02-21', '2015-11-15 16:56:25', 'guillou.alfred@normand.net', 'NB', 'renee80', 0, '$argon2id$v=19$m=65536,t=4,p=1$4yD0D7X7Yi9hg/m3Kaz6mA$wp8B28igsh3A6KeUSw7zuGyMNEgzHFJsVQw/sFPbv3A'),
(21, '1993-01-24', '2022-03-15 00:14:28', 'chauvin.celina@hotmail.fr', 'NB', 'sebastien05', 1, '$argon2id$v=19$m=65536,t=4,p=1$4yD0D7X7Yi9hg/m3Kaz6mA$wp8B28igsh3A6KeUSw7zuGyMNEgzHFJsVQw/sFPbv3A'),
(22, '1996-02-03', '2022-07-30 22:28:14', 'zallain@wanadoo.fr', 'NR', 'maillet.marc', 1, '$argon2id$v=19$m=65536,t=4,p=1$4yD0D7X7Yi9hg/m3Kaz6mA$wp8B28igsh3A6KeUSw7zuGyMNEgzHFJsVQw/sFPbv3A'),
(23, '1988-05-04', '2017-07-21 13:04:37', 'ymaillet@mendes.fr', 'NR', 'hbourdon', 0, '$argon2id$v=19$m=65536,t=4,p=1$4yD0D7X7Yi9hg/m3Kaz6mA$wp8B28igsh3A6KeUSw7zuGyMNEgzHFJsVQw/sFPbv3A'),
(24, '1991-02-22', '2020-08-24 13:40:22', 'lucas91@club-internet.fr', 'NR', 'pichon.alexandria', 0, '$argon2id$v=19$m=65536,t=4,p=1$4yD0D7X7Yi9hg/m3Kaz6mA$wp8B28igsh3A6KeUSw7zuGyMNEgzHFJsVQw/sFPbv3A'),
(25, '2000-04-23', '2017-07-30 20:08:26', 'tdias@guillaume.fr', 'H', 'guy04', 1, '$argon2id$v=19$m=65536,t=4,p=1$4yD0D7X7Yi9hg/m3Kaz6mA$wp8B28igsh3A6KeUSw7zuGyMNEgzHFJsVQw/sFPbv3A'),
(26, '2000-03-21', '2021-11-21 09:36:05', 'dupuis.susanne@sfr.fr', 'H', 'samson.margaud', 1, '$argon2id$v=19$m=65536,t=4,p=1$4yD0D7X7Yi9hg/m3Kaz6mA$wp8B28igsh3A6KeUSw7zuGyMNEgzHFJsVQw/sFPbv3A'),
(27, '1999-09-09', '2018-02-17 03:12:07', 'gimenez.philippe@robin.fr', 'NB', 'margaud.morin', 1, '$argon2id$v=19$m=65536,t=4,p=1$4yD0D7X7Yi9hg/m3Kaz6mA$wp8B28igsh3A6KeUSw7zuGyMNEgzHFJsVQw/sFPbv3A'),
(28, '1983-05-25', '2020-02-07 00:36:13', 'raynaud.tristan@wanadoo.fr', 'H', 'dominique05', 1, '$argon2id$v=19$m=65536,t=4,p=1$4yD0D7X7Yi9hg/m3Kaz6mA$wp8B28igsh3A6KeUSw7zuGyMNEgzHFJsVQw/sFPbv3A'),
(29, '1993-12-19', '2020-10-30 14:15:28', 'nathalie.gilbert@munoz.com', 'NR', 'jean.imbert', 0, '$argon2id$v=19$m=65536,t=4,p=1$4yD0D7X7Yi9hg/m3Kaz6mA$wp8B28igsh3A6KeUSw7zuGyMNEgzHFJsVQw/sFPbv3A'),
(30, '1982-10-04', '2020-08-29 15:06:19', 'mallet.leon@hotmail.fr', 'NB', 'deoliveira.luc', 1, '$argon2id$v=19$m=65536,t=4,p=1$4yD0D7X7Yi9hg/m3Kaz6mA$wp8B28igsh3A6KeUSw7zuGyMNEgzHFJsVQw/sFPbv3A'),
(31, '1992-09-26', '2017-05-07 09:06:50', 'laure.camus@lebrun.com', 'NB', 'schmitt.eugene', 0, '$argon2id$v=19$m=65536,t=4,p=1$4yD0D7X7Yi9hg/m3Kaz6mA$wp8B28igsh3A6KeUSw7zuGyMNEgzHFJsVQw/sFPbv3A'),
(32, '1988-09-22', '2017-01-09 13:58:32', 'qhardy@hotmail.fr', 'H', 'noel33', 0, '$argon2id$v=19$m=65536,t=4,p=1$4yD0D7X7Yi9hg/m3Kaz6mA$wp8B28igsh3A6KeUSw7zuGyMNEgzHFJsVQw/sFPbv3A'),
(33, '1993-05-04', '2021-06-23 09:50:13', 'letellier.christiane@sfr.fr', 'NR', 'ybourdon', 0, '$argon2id$v=19$m=65536,t=4,p=1$4yD0D7X7Yi9hg/m3Kaz6mA$wp8B28igsh3A6KeUSw7zuGyMNEgzHFJsVQw/sFPbv3A'),
(34, '1994-02-02', '2020-11-29 00:00:17', 'qherve@barbier.com', 'F', 'leduc.francois', 0, '$argon2id$v=19$m=65536,t=4,p=1$4yD0D7X7Yi9hg/m3Kaz6mA$wp8B28igsh3A6KeUSw7zuGyMNEgzHFJsVQw/sFPbv3A'),
(35, '1981-06-19', '2021-08-24 09:22:03', 'techer.maggie@riviere.net', 'NB', 'alopez', 1, '$argon2id$v=19$m=65536,t=4,p=1$4yD0D7X7Yi9hg/m3Kaz6mA$wp8B28igsh3A6KeUSw7zuGyMNEgzHFJsVQw/sFPbv3A'),
(36, '1997-02-04', '2016-07-05 22:08:10', 'thibault.gros@orange.fr', 'NB', 'mathieu.adele', 0, '$argon2id$v=19$m=65536,t=4,p=1$4yD0D7X7Yi9hg/m3Kaz6mA$wp8B28igsh3A6KeUSw7zuGyMNEgzHFJsVQw/sFPbv3A'),
(37, '1984-04-18', '2015-06-11 17:42:30', 'alain23@schneider.fr', 'NR', 'dauger', 0, '$argon2id$v=19$m=65536,t=4,p=1$4yD0D7X7Yi9hg/m3Kaz6mA$wp8B28igsh3A6KeUSw7zuGyMNEgzHFJsVQw/sFPbv3A'),
(38, '1991-05-04', '2022-02-09 12:23:02', 'christelle36@hardy.org', 'H', 'gleroy', 0, '$argon2id$v=19$m=65536,t=4,p=1$4yD0D7X7Yi9hg/m3Kaz6mA$wp8B28igsh3A6KeUSw7zuGyMNEgzHFJsVQw/sFPbv3A'),
(39, '1991-09-30', '2021-11-19 04:59:19', 'laroche.adrien@gmail.com', 'F', 'benjamin68', 1, '$argon2id$v=19$m=65536,t=4,p=1$4yD0D7X7Yi9hg/m3Kaz6mA$wp8B28igsh3A6KeUSw7zuGyMNEgzHFJsVQw/sFPbv3A'),
(40, '1991-07-21', '2015-09-15 11:02:18', 'yroyer@sfr.fr', 'NR', 'robert.diallo', 1, '$argon2id$v=19$m=65536,t=4,p=1$4yD0D7X7Yi9hg/m3Kaz6mA$wp8B28igsh3A6KeUSw7zuGyMNEgzHFJsVQw/sFPbv3A'),
(41, '1995-10-11', '2015-03-03 00:57:37', 'tcourtois@yahoo.fr', 'H', 'dominique.blondel', 1, '$argon2id$v=19$m=65536,t=4,p=1$4yD0D7X7Yi9hg/m3Kaz6mA$wp8B28igsh3A6KeUSw7zuGyMNEgzHFJsVQw/sFPbv3A'),
(42, '1985-06-09', '2015-08-08 12:42:36', 'uhenry@tele2.fr', 'H', 'bertin.gabriel', 1, '$argon2id$v=19$m=65536,t=4,p=1$4yD0D7X7Yi9hg/m3Kaz6mA$wp8B28igsh3A6KeUSw7zuGyMNEgzHFJsVQw/sFPbv3A'),
(43, '1999-10-27', '2018-08-04 22:05:58', 'charlotte.nicolas@free.fr', 'H', 'gpetit', 0, '$argon2id$v=19$m=65536,t=4,p=1$4yD0D7X7Yi9hg/m3Kaz6mA$wp8B28igsh3A6KeUSw7zuGyMNEgzHFJsVQw/sFPbv3A'),
(44, '1995-11-21', '2020-05-01 04:16:16', 'xdevaux@tele2.fr', 'F', 'masse.nath', 0, '$argon2id$v=19$m=65536,t=4,p=1$4yD0D7X7Yi9hg/m3Kaz6mA$wp8B28igsh3A6KeUSw7zuGyMNEgzHFJsVQw/sFPbv3A'),
(45, '1992-08-18', '2021-12-19 15:06:32', 'deschamps.andre@bigot.fr', 'F', 'andree.pinto', 1, '$argon2id$v=19$m=65536,t=4,p=1$4yD0D7X7Yi9hg/m3Kaz6mA$wp8B28igsh3A6KeUSw7zuGyMNEgzHFJsVQw/sFPbv3A'),
(46, '1980-08-04', '2016-10-21 04:24:33', 'gay.simone@sfr.fr', 'NB', 'henriette.lopes', 0, '$argon2id$v=19$m=65536,t=4,p=1$4yD0D7X7Yi9hg/m3Kaz6mA$wp8B28igsh3A6KeUSw7zuGyMNEgzHFJsVQw/sFPbv3A'),
(47, '1982-12-18', '2017-07-28 05:30:57', 'auguste83@wanadoo.fr', 'F', 'denise.rodriguez', 1, '$argon2id$v=19$m=65536,t=4,p=1$4yD0D7X7Yi9hg/m3Kaz6mA$wp8B28igsh3A6KeUSw7zuGyMNEgzHFJsVQw/sFPbv3A'),
(48, '1995-06-08', '2021-05-15 07:54:49', 'adele.briand@tele2.fr', 'NR', 'henriette.coulon', 0, '$argon2id$v=19$m=65536,t=4,p=1$4yD0D7X7Yi9hg/m3Kaz6mA$wp8B28igsh3A6KeUSw7zuGyMNEgzHFJsVQw/sFPbv3A'),
(49, '1999-02-05', '2019-02-22 10:22:45', 'allain.francois@hotmail.fr', 'H', 'augustin43', 0, '$argon2id$v=19$m=65536,t=4,p=1$4yD0D7X7Yi9hg/m3Kaz6mA$wp8B28igsh3A6KeUSw7zuGyMNEgzHFJsVQw/sFPbv3A'),
(50, '1993-09-10', '2017-06-12 18:03:24', 'hamon.monique@wanadoo.fr', 'NB', 'tchauvin', 1, '$argon2id$v=19$m=65536,t=4,p=1$4yD0D7X7Yi9hg/m3Kaz6mA$wp8B28igsh3A6KeUSw7zuGyMNEgzHFJsVQw/sFPbv3A'),
(51, '1980-08-22', '2016-01-01 05:30:39', 'thuet@dupuy.fr', 'F', 'margaux85', 0, '$argon2id$v=19$m=65536,t=4,p=1$4yD0D7X7Yi9hg/m3Kaz6mA$wp8B28igsh3A6KeUSw7zuGyMNEgzHFJsVQw/sFPbv3A'),
(52, '1992-09-24', '2018-03-19 15:56:49', 'bailly.franck@orange.fr', 'H', 'pierre.ferreira', 0, '$argon2id$v=19$m=65536,t=4,p=1$4yD0D7X7Yi9hg/m3Kaz6mA$wp8B28igsh3A6KeUSw7zuGyMNEgzHFJsVQw/sFPbv3A'),
(53, '2000-12-14', '2016-05-01 13:41:39', 'danielle.bourdon@langlois.com', 'H', 'dmichaud', 0, '$argon2id$v=19$m=65536,t=4,p=1$4yD0D7X7Yi9hg/m3Kaz6mA$wp8B28igsh3A6KeUSw7zuGyMNEgzHFJsVQw/sFPbv3A'),
(54, '1994-12-10', '2015-12-05 18:39:14', 'elabbe@wanadoo.fr', 'F', 'lboulay', 0, '$argon2id$v=19$m=65536,t=4,p=1$4yD0D7X7Yi9hg/m3Kaz6mA$wp8B28igsh3A6KeUSw7zuGyMNEgzHFJsVQw/sFPbv3A'),
(55, '1989-05-01', '2019-02-08 03:42:50', 'maryse38@garcia.com', 'NB', 'gerard13', 1, '$argon2id$v=19$m=65536,t=4,p=1$4yD0D7X7Yi9hg/m3Kaz6mA$wp8B28igsh3A6KeUSw7zuGyMNEgzHFJsVQw/sFPbv3A'),
(56, '1983-12-31', '2022-07-12 16:49:50', 'bernard.navarro@julien.com', 'F', 'jules44', 1, '$argon2id$v=19$m=65536,t=4,p=1$4yD0D7X7Yi9hg/m3Kaz6mA$wp8B28igsh3A6KeUSw7zuGyMNEgzHFJsVQw/sFPbv3A'),
(57, '1990-02-06', '2015-05-05 16:14:02', 'robert00@guibert.fr', 'NR', 'gregoire.potier', 1, '$argon2id$v=19$m=65536,t=4,p=1$4yD0D7X7Yi9hg/m3Kaz6mA$wp8B28igsh3A6KeUSw7zuGyMNEgzHFJsVQw/sFPbv3A'),
(58, '1995-03-06', '2017-01-12 20:59:18', 'boulanger.jerome@albert.com', 'H', 'colette.dumont', 0, '$argon2id$v=19$m=65536,t=4,p=1$4yD0D7X7Yi9hg/m3Kaz6mA$wp8B28igsh3A6KeUSw7zuGyMNEgzHFJsVQw/sFPbv3A'),
(59, '1981-01-31', '2020-12-19 00:09:58', 'emmanuel.gomes@robin.net', 'H', 'simone.blanchet', 1, '$argon2id$v=19$m=65536,t=4,p=1$4yD0D7X7Yi9hg/m3Kaz6mA$wp8B28igsh3A6KeUSw7zuGyMNEgzHFJsVQw/sFPbv3A'),
(60, '1984-08-24', '2017-02-15 23:00:51', 'morel.xavier@dumas.fr', 'F', 'bhamel', 1, '$argon2id$v=19$m=65536,t=4,p=1$4yD0D7X7Yi9hg/m3Kaz6mA$wp8B28igsh3A6KeUSw7zuGyMNEgzHFJsVQw/sFPbv3A'),
(61, '1987-08-15', '2017-12-15 01:31:09', 'adele.thibault@live.com', 'H', 'tanguy.vincent', 0, '$argon2id$v=19$m=65536,t=4,p=1$4yD0D7X7Yi9hg/m3Kaz6mA$wp8B28igsh3A6KeUSw7zuGyMNEgzHFJsVQw/sFPbv3A'),
(62, '1998-03-22', '2017-10-01 04:50:06', 'laurence.delattre@dbmail.com', 'H', 'constance.rousseau', 0, '$argon2id$v=19$m=65536,t=4,p=1$4yD0D7X7Yi9hg/m3Kaz6mA$wp8B28igsh3A6KeUSw7zuGyMNEgzHFJsVQw/sFPbv3A'),
(63, '1982-08-09', '2016-05-21 22:00:15', 'anne.georges@live.com', 'F', 'jeanne.guillot', 1, '$argon2id$v=19$m=65536,t=4,p=1$4yD0D7X7Yi9hg/m3Kaz6mA$wp8B28igsh3A6KeUSw7zuGyMNEgzHFJsVQw/sFPbv3A'),
(64, '1987-12-13', '2015-05-31 04:36:12', 'frederique.gomez@julien.com', 'NR', 'honore.durand', 1, '$argon2id$v=19$m=65536,t=4,p=1$4yD0D7X7Yi9hg/m3Kaz6mA$wp8B28igsh3A6KeUSw7zuGyMNEgzHFJsVQw/sFPbv3A'),
(65, '1995-06-15', '2016-01-18 04:16:04', 'xmichaud@wanadoo.fr', 'F', 'mmichel', 1, '$argon2id$v=19$m=65536,t=4,p=1$4yD0D7X7Yi9hg/m3Kaz6mA$wp8B28igsh3A6KeUSw7zuGyMNEgzHFJsVQw/sFPbv3A'),
(66, '1995-07-14', '2016-02-15 08:12:49', 'madeleine.besson@chartier.com', 'F', 'anais44', 1, '$argon2id$v=19$m=65536,t=4,p=1$4yD0D7X7Yi9hg/m3Kaz6mA$wp8B28igsh3A6KeUSw7zuGyMNEgzHFJsVQw/sFPbv3A'),
(67, '1983-02-02', '2018-11-28 07:55:45', 'hlouis@lecomte.fr', 'NR', 'susanne.pages', 0, '$argon2id$v=19$m=65536,t=4,p=1$4yD0D7X7Yi9hg/m3Kaz6mA$wp8B28igsh3A6KeUSw7zuGyMNEgzHFJsVQw/sFPbv3A'),
(68, '1988-11-03', '2018-11-05 13:09:18', 'vaillant.william@free.fr', 'NR', 'yhoarau', 1, '$argon2id$v=19$m=65536,t=4,p=1$4yD0D7X7Yi9hg/m3Kaz6mA$wp8B28igsh3A6KeUSw7zuGyMNEgzHFJsVQw/sFPbv3A'),
(69, '1980-09-22', '2017-10-29 19:24:15', 'roland.blondel@thomas.fr', 'H', 'marine.hamel', 1, '$argon2id$v=19$m=65536,t=4,p=1$4yD0D7X7Yi9hg/m3Kaz6mA$wp8B28igsh3A6KeUSw7zuGyMNEgzHFJsVQw/sFPbv3A'),
(70, '1990-10-10', '2018-10-12 08:30:17', 'maggie63@petitjean.fr', 'F', 'aurore.wagner', 0, '$argon2id$v=19$m=65536,t=4,p=1$4yD0D7X7Yi9hg/m3Kaz6mA$wp8B28igsh3A6KeUSw7zuGyMNEgzHFJsVQw/sFPbv3A'),
(71, '1992-08-05', '2022-09-08 11:51:32', 'bertin.edith@hoareau.com', 'F', 'gros.christelle', 0, '$argon2id$v=19$m=65536,t=4,p=1$4yD0D7X7Yi9hg/m3Kaz6mA$wp8B28igsh3A6KeUSw7zuGyMNEgzHFJsVQw/sFPbv3A'),
(72, '1990-03-11', '2020-08-29 17:27:45', 'chantal.chevalier@sfr.fr', 'F', 'eric.deoliveira', 1, '$argon2id$v=19$m=65536,t=4,p=1$4yD0D7X7Yi9hg/m3Kaz6mA$wp8B28igsh3A6KeUSw7zuGyMNEgzHFJsVQw/sFPbv3A'),
(73, '1995-02-25', '2017-08-15 13:31:29', 'erolland@camus.fr', 'NB', 'rdeschamps', 1, '$argon2id$v=19$m=65536,t=4,p=1$4yD0D7X7Yi9hg/m3Kaz6mA$wp8B28igsh3A6KeUSw7zuGyMNEgzHFJsVQw/sFPbv3A'),
(74, '1980-11-28', '2020-04-04 06:06:32', 'christophe44@live.com', 'NR', 'francois.dupuis', 1, '$argon2id$v=19$m=65536,t=4,p=1$4yD0D7X7Yi9hg/m3Kaz6mA$wp8B28igsh3A6KeUSw7zuGyMNEgzHFJsVQw/sFPbv3A'),
(75, '1996-02-03', '2017-08-29 05:55:02', 'tverdier@renaud.fr', 'NB', 'christelle.maurice', 0, '$argon2id$v=19$m=65536,t=4,p=1$4yD0D7X7Yi9hg/m3Kaz6mA$wp8B28igsh3A6KeUSw7zuGyMNEgzHFJsVQw/sFPbv3A'),
(76, '1984-10-18', '2022-01-22 05:44:02', 'franck18@chauvin.com', 'H', 'timothee.faivre', 0, '$argon2id$v=19$m=65536,t=4,p=1$4yD0D7X7Yi9hg/m3Kaz6mA$wp8B28igsh3A6KeUSw7zuGyMNEgzHFJsVQw/sFPbv3A'),
(77, '1991-06-02', '2016-12-02 13:17:32', 'reynaud.olivier@fabre.com', 'NR', 'michel.gimenez', 1, '$argon2id$v=19$m=65536,t=4,p=1$4yD0D7X7Yi9hg/m3Kaz6mA$wp8B28igsh3A6KeUSw7zuGyMNEgzHFJsVQw/sFPbv3A'),
(78, '1982-08-11', '2017-07-27 06:29:11', 'isaac.delannoy@blot.net', 'H', 'allard.philippe', 0, '$argon2id$v=19$m=65536,t=4,p=1$4yD0D7X7Yi9hg/m3Kaz6mA$wp8B28igsh3A6KeUSw7zuGyMNEgzHFJsVQw/sFPbv3A'),
(79, '1988-10-03', '2016-05-09 14:52:20', 'laure.humbert@gmail.com', 'NB', 'daniel28', 1, '$argon2id$v=19$m=65536,t=4,p=1$4yD0D7X7Yi9hg/m3Kaz6mA$wp8B28igsh3A6KeUSw7zuGyMNEgzHFJsVQw/sFPbv3A'),
(80, '1995-06-08', '2021-11-22 04:20:25', 'bernard.barthelemy@hotmail.fr', 'H', 'georges.perez', 0, '$argon2id$v=19$m=65536,t=4,p=1$4yD0D7X7Yi9hg/m3Kaz6mA$wp8B28igsh3A6KeUSw7zuGyMNEgzHFJsVQw/sFPbv3A'),
(81, '1997-04-07', '2015-05-01 01:31:12', 'lefebvre.henri@pires.com', 'F', 'xdumont', 0, '$argon2id$v=19$m=65536,t=4,p=1$4yD0D7X7Yi9hg/m3Kaz6mA$wp8B28igsh3A6KeUSw7zuGyMNEgzHFJsVQw/sFPbv3A'),
(82, '1981-12-24', '2016-05-23 09:19:33', 'yteixeira@begue.net', 'H', 'zsanchez', 0, '$argon2id$v=19$m=65536,t=4,p=1$4yD0D7X7Yi9hg/m3Kaz6mA$wp8B28igsh3A6KeUSw7zuGyMNEgzHFJsVQw/sFPbv3A'),
(83, '1995-07-08', '2016-10-22 05:08:39', 'riviere.eleonore@dbmail.com', 'NR', 'joseph24', 1, '$argon2id$v=19$m=65536,t=4,p=1$4yD0D7X7Yi9hg/m3Kaz6mA$wp8B28igsh3A6KeUSw7zuGyMNEgzHFJsVQw/sFPbv3A'),
(84, '1991-03-13', '2020-05-01 01:48:11', 'claudine.maillet@guilbert.fr', 'F', 'gilles.matthieu', 0, '$argon2id$v=19$m=65536,t=4,p=1$4yD0D7X7Yi9hg/m3Kaz6mA$wp8B28igsh3A6KeUSw7zuGyMNEgzHFJsVQw/sFPbv3A'),
(85, '1994-06-20', '2019-08-21 20:21:37', 'thierry08@tele2.fr', 'NR', 'arthur65', 0, '$argon2id$v=19$m=65536,t=4,p=1$4yD0D7X7Yi9hg/m3Kaz6mA$wp8B28igsh3A6KeUSw7zuGyMNEgzHFJsVQw/sFPbv3A'),
(86, '1989-12-08', '2022-04-01 20:10:57', 'aleroux@thibault.fr', 'F', 'marc38', 1, '$argon2id$v=19$m=65536,t=4,p=1$4yD0D7X7Yi9hg/m3Kaz6mA$wp8B28igsh3A6KeUSw7zuGyMNEgzHFJsVQw/sFPbv3A'),
(87, '1990-01-27', '2015-02-22 18:52:31', 'augustin38@petit.com', 'NR', 'bazin.noel', 0, '$argon2id$v=19$m=65536,t=4,p=1$4yD0D7X7Yi9hg/m3Kaz6mA$wp8B28igsh3A6KeUSw7zuGyMNEgzHFJsVQw/sFPbv3A'),
(88, '1988-11-16', '2019-05-22 15:42:03', 'pledoux@orange.fr', 'H', 'perez.alexandrie', 0, '$argon2id$v=19$m=65536,t=4,p=1$4yD0D7X7Yi9hg/m3Kaz6mA$wp8B28igsh3A6KeUSw7zuGyMNEgzHFJsVQw/sFPbv3A'),
(89, '1988-03-24', '2015-10-26 03:27:59', 'colette18@auger.com', 'F', 'agnes13', 1, '$argon2id$v=19$m=65536,t=4,p=1$4yD0D7X7Yi9hg/m3Kaz6mA$wp8B28igsh3A6KeUSw7zuGyMNEgzHFJsVQw/sFPbv3A'),
(90, '1995-03-26', '2021-01-01 02:33:42', 'dorothee47@club-internet.fr', 'NR', 'denise.meunier', 0, '$argon2id$v=19$m=65536,t=4,p=1$4yD0D7X7Yi9hg/m3Kaz6mA$wp8B28igsh3A6KeUSw7zuGyMNEgzHFJsVQw/sFPbv3A'),
(91, '1984-10-15', '2020-06-21 20:47:50', 'josephine.buisson@dupuy.com', 'NR', 'philippe.rousseau', 0, '$argon2id$v=19$m=65536,t=4,p=1$4yD0D7X7Yi9hg/m3Kaz6mA$wp8B28igsh3A6KeUSw7zuGyMNEgzHFJsVQw/sFPbv3A'),
(92, '1993-10-22', '2017-10-13 07:58:24', 'bernard18@clerc.fr', 'NB', 'dupuis.lucas', 0, '$argon2id$v=19$m=65536,t=4,p=1$4yD0D7X7Yi9hg/m3Kaz6mA$wp8B28igsh3A6KeUSw7zuGyMNEgzHFJsVQw/sFPbv3A'),
(93, '1982-08-18', '2015-07-05 07:39:01', 'elisabeth.masse@free.fr', 'NR', 'lacroix.arnaude', 1, '$argon2id$v=19$m=65536,t=4,p=1$4yD0D7X7Yi9hg/m3Kaz6mA$wp8B28igsh3A6KeUSw7zuGyMNEgzHFJsVQw/sFPbv3A'),
(94, '1993-12-28', '2022-03-28 07:45:50', 'amasson@etienne.com', 'NR', 'patricia.becker', 0, '$argon2id$v=19$m=65536,t=4,p=1$4yD0D7X7Yi9hg/m3Kaz6mA$wp8B28igsh3A6KeUSw7zuGyMNEgzHFJsVQw/sFPbv3A'),
(95, '1980-01-01', '2015-04-24 06:21:28', 'olivier41@hotmail.fr', 'F', 'efleury', 0, '$argon2id$v=19$m=65536,t=4,p=1$4yD0D7X7Yi9hg/m3Kaz6mA$wp8B28igsh3A6KeUSw7zuGyMNEgzHFJsVQw/sFPbv3A'),
(96, '1983-04-20', '2020-06-14 09:03:26', 'sgauthier@sfr.fr', 'H', 'frederique.lopes', 1, '$argon2id$v=19$m=65536,t=4,p=1$4yD0D7X7Yi9hg/m3Kaz6mA$wp8B28igsh3A6KeUSw7zuGyMNEgzHFJsVQw/sFPbv3A'),
(97, '1993-04-02', '2018-03-13 02:32:38', 'agnes23@free.fr', 'NR', 'helene.delannoy', 0, '$argon2id$v=19$m=65536,t=4,p=1$4yD0D7X7Yi9hg/m3Kaz6mA$wp8B28igsh3A6KeUSw7zuGyMNEgzHFJsVQw/sFPbv3A'),
(98, '1996-11-16', '2018-11-23 21:53:11', 'elodie46@duval.com', 'F', 'roger.leroy', 1, '$argon2id$v=19$m=65536,t=4,p=1$4yD0D7X7Yi9hg/m3Kaz6mA$wp8B28igsh3A6KeUSw7zuGyMNEgzHFJsVQw/sFPbv3A'),
(99, '1988-09-16', '2019-05-08 22:27:54', 'astrid.moreno@yahoo.fr', 'F', 'claudine05', 1, '$argon2id$v=19$m=65536,t=4,p=1$4yD0D7X7Yi9hg/m3Kaz6mA$wp8B28igsh3A6KeUSw7zuGyMNEgzHFJsVQw/sFPbv3A'),
(100, '1998-11-23', '2020-12-14 10:31:54', 'diaz.christophe@yahoo.fr', 'H', 'llebrun', 1, '$argon2id$v=19$m=65536,t=4,p=1$4yD0D7X7Yi9hg/m3Kaz6mA$wp8B28igsh3A6KeUSw7zuGyMNEgzHFJsVQw/sFPbv3A'),
(101, '1983-06-13', '2017-03-06 12:38:35', 'zcamus@leclerc.fr', 'F', 'blebon', 0, '$argon2id$v=19$m=65536,t=4,p=1$4yD0D7X7Yi9hg/m3Kaz6mA$wp8B28igsh3A6KeUSw7zuGyMNEgzHFJsVQw/sFPbv3A'),
(102, '1981-08-06', '2017-01-29 17:04:13', 'alphonse67@gmail.com', 'H', 'noel94', 0, '$argon2id$v=19$m=65536,t=4,p=1$4yD0D7X7Yi9hg/m3Kaz6mA$wp8B28igsh3A6KeUSw7zuGyMNEgzHFJsVQw/sFPbv3A'),
(103, '1994-02-27', '2017-06-18 16:37:25', 'maurice23@orange.fr', 'NR', 'wmartineau', 1, '$argon2id$v=19$m=65536,t=4,p=1$4yD0D7X7Yi9hg/m3Kaz6mA$wp8B28igsh3A6KeUSw7zuGyMNEgzHFJsVQw/sFPbv3A'),
(104, '1998-05-04', '2020-01-06 14:15:27', 'sophie70@yahoo.fr', 'NB', 'carre.aime', 1, '$argon2id$v=19$m=65536,t=4,p=1$4yD0D7X7Yi9hg/m3Kaz6mA$wp8B28igsh3A6KeUSw7zuGyMNEgzHFJsVQw/sFPbv3A'),
(105, '2000-04-11', '2020-06-11 17:09:40', 'llecomte@club-internet.fr', 'NR', 'vbourdon', 1, '$argon2id$v=19$m=65536,t=4,p=1$4yD0D7X7Yi9hg/m3Kaz6mA$wp8B28igsh3A6KeUSw7zuGyMNEgzHFJsVQw/sFPbv3A'),
(106, '1995-05-14', '2017-12-15 01:57:40', 'marques.cecile@tele2.fr', 'F', 'elodie.pichon', 0, '$argon2id$v=19$m=65536,t=4,p=1$4yD0D7X7Yi9hg/m3Kaz6mA$wp8B28igsh3A6KeUSw7zuGyMNEgzHFJsVQw/sFPbv3A'),
(107, '1989-06-20', '2022-06-07 15:35:41', 'roland.besnard@orange.fr', 'NB', 'pascal.henri', 1, '$argon2id$v=19$m=65536,t=4,p=1$4yD0D7X7Yi9hg/m3Kaz6mA$wp8B28igsh3A6KeUSw7zuGyMNEgzHFJsVQw/sFPbv3A'),
(108, '1998-01-26', '2016-05-02 17:34:36', 'julien69@orange.fr', 'H', 'perret.camille', 0, '$argon2id$v=19$m=65536,t=4,p=1$4yD0D7X7Yi9hg/m3Kaz6mA$wp8B28igsh3A6KeUSw7zuGyMNEgzHFJsVQw/sFPbv3A'),
(109, '1996-02-03', '2016-12-19 03:48:40', 'henri06@morvan.org', 'NB', 'charlotte18', 1, '$argon2id$v=19$m=65536,t=4,p=1$4yD0D7X7Yi9hg/m3Kaz6mA$wp8B28igsh3A6KeUSw7zuGyMNEgzHFJsVQw/sFPbv3A'),
(110, '2000-11-19', '2016-07-06 12:26:13', 'lecomte.raymond@martel.net', 'H', 'elise.delorme', 0, '$argon2id$v=19$m=65536,t=4,p=1$4yD0D7X7Yi9hg/m3Kaz6mA$wp8B28igsh3A6KeUSw7zuGyMNEgzHFJsVQw/sFPbv3A'),
(111, '1995-02-28', '2016-07-13 02:41:50', 'martel.oceane@free.fr', 'F', 'matthieu83', 1, '$argon2id$v=19$m=65536,t=4,p=1$4yD0D7X7Yi9hg/m3Kaz6mA$wp8B28igsh3A6KeUSw7zuGyMNEgzHFJsVQw/sFPbv3A'),
(112, '1981-09-18', '2016-08-01 10:23:39', 'scoste@martin.fr', 'NB', 'zperez', 0, '$argon2id$v=19$m=65536,t=4,p=1$4yD0D7X7Yi9hg/m3Kaz6mA$wp8B28igsh3A6KeUSw7zuGyMNEgzHFJsVQw/sFPbv3A'),
(113, '1997-07-15', '2019-10-01 22:43:51', 'bbouvier@hardy.com', 'NB', 'fperrier', 1, '$argon2id$v=19$m=65536,t=4,p=1$4yD0D7X7Yi9hg/m3Kaz6mA$wp8B28igsh3A6KeUSw7zuGyMNEgzHFJsVQw/sFPbv3A'),
(114, '1980-08-14', '2016-01-09 13:10:17', 'olivier44@wanadoo.fr', 'F', 'marcel97', 1, '$argon2id$v=19$m=65536,t=4,p=1$4yD0D7X7Yi9hg/m3Kaz6mA$wp8B28igsh3A6KeUSw7zuGyMNEgzHFJsVQw/sFPbv3A'),
(115, '1984-01-16', '2018-11-11 05:03:20', 'celina.lebon@orange.fr', 'NB', 'dias.thibaut', 1, '$argon2id$v=19$m=65536,t=4,p=1$4yD0D7X7Yi9hg/m3Kaz6mA$wp8B28igsh3A6KeUSw7zuGyMNEgzHFJsVQw/sFPbv3A'),
(116, '1988-07-27', '2016-03-11 18:27:01', 'martine47@gmail.com', 'NR', 'xdevaux', 1, '$argon2id$v=19$m=65536,t=4,p=1$4yD0D7X7Yi9hg/m3Kaz6mA$wp8B28igsh3A6KeUSw7zuGyMNEgzHFJsVQw/sFPbv3A'),
(117, '2000-06-26', '2018-12-11 15:54:10', 'laroche.josette@rousset.fr', 'H', 'corinne.gosselin', 0, '$argon2id$v=19$m=65536,t=4,p=1$4yD0D7X7Yi9hg/m3Kaz6mA$wp8B28igsh3A6KeUSw7zuGyMNEgzHFJsVQw/sFPbv3A'),
(118, '1999-02-26', '2021-04-25 18:48:52', 'sabine.letellier@renault.fr', 'F', 'adrien03', 1, '$argon2id$v=19$m=65536,t=4,p=1$4yD0D7X7Yi9hg/m3Kaz6mA$wp8B28igsh3A6KeUSw7zuGyMNEgzHFJsVQw/sFPbv3A'),
(119, '1984-06-05', '2021-10-18 14:56:21', 'rlefort@marty.fr', 'NR', 'pinto.lorraine', 0, '$argon2id$v=19$m=65536,t=4,p=1$4yD0D7X7Yi9hg/m3Kaz6mA$wp8B28igsh3A6KeUSw7zuGyMNEgzHFJsVQw/sFPbv3A'),
(120, '1990-04-27', '2019-02-15 15:01:06', 'boulanger.paulette@moreno.com', 'H', 'marty.thomas', 1, '$argon2id$v=19$m=65536,t=4,p=1$4yD0D7X7Yi9hg/m3Kaz6mA$wp8B28igsh3A6KeUSw7zuGyMNEgzHFJsVQw/sFPbv3A'),
(121, '1983-08-13', '2022-07-01 16:52:45', 'mguibert@noos.fr', 'NB', 'zlombard', 1, '$argon2id$v=19$m=65536,t=4,p=1$4yD0D7X7Yi9hg/m3Kaz6mA$wp8B28igsh3A6KeUSw7zuGyMNEgzHFJsVQw/sFPbv3A'),
(122, '1999-08-11', '2021-05-09 19:26:33', 'paul69@guillou.com', 'H', 'margot.blin', 0, '$argon2id$v=19$m=65536,t=4,p=1$4yD0D7X7Yi9hg/m3Kaz6mA$wp8B28igsh3A6KeUSw7zuGyMNEgzHFJsVQw/sFPbv3A'),
(123, '1980-04-23', '2021-01-06 09:52:19', 'yrossi@hoarau.org', 'H', 'vincent.weiss', 1, '$argon2id$v=19$m=65536,t=4,p=1$4yD0D7X7Yi9hg/m3Kaz6mA$wp8B28igsh3A6KeUSw7zuGyMNEgzHFJsVQw/sFPbv3A'),
(124, '1992-04-29', '2017-09-01 18:46:35', 'maurice50@wanadoo.fr', 'F', 'qlefebvre', 1, '$argon2id$v=19$m=65536,t=4,p=1$4yD0D7X7Yi9hg/m3Kaz6mA$wp8B28igsh3A6KeUSw7zuGyMNEgzHFJsVQw/sFPbv3A'),
(125, '1996-12-13', '2020-01-23 12:31:12', 'apineau@live.com', 'NR', 'margaret.lambert', 1, '$argon2id$v=19$m=65536,t=4,p=1$4yD0D7X7Yi9hg/m3Kaz6mA$wp8B28igsh3A6KeUSw7zuGyMNEgzHFJsVQw/sFPbv3A'),
(126, '1990-05-27', '2020-10-19 15:52:21', 'vgillet@turpin.com', 'H', 'rgerard', 1, '$argon2id$v=19$m=65536,t=4,p=1$4yD0D7X7Yi9hg/m3Kaz6mA$wp8B28igsh3A6KeUSw7zuGyMNEgzHFJsVQw/sFPbv3A'),
(127, '1993-10-01', '2021-08-26 15:23:30', 'kguilbert@club-internet.fr', 'NB', 'olaunay', 1, '$argon2id$v=19$m=65536,t=4,p=1$4yD0D7X7Yi9hg/m3Kaz6mA$wp8B28igsh3A6KeUSw7zuGyMNEgzHFJsVQw/sFPbv3A'),
(128, '1986-12-16', '2020-11-09 05:34:38', 'yolivier@yahoo.fr', 'NR', 'vincent.bruneau', 0, '$argon2id$v=19$m=65536,t=4,p=1$4yD0D7X7Yi9hg/m3Kaz6mA$wp8B28igsh3A6KeUSw7zuGyMNEgzHFJsVQw/sFPbv3A'),
(129, '1990-11-23', '2019-11-08 08:20:40', 'camille44@bazin.fr', 'H', 'masse.suzanne', 1, '$argon2id$v=19$m=65536,t=4,p=1$4yD0D7X7Yi9hg/m3Kaz6mA$wp8B28igsh3A6KeUSw7zuGyMNEgzHFJsVQw/sFPbv3A'),
(130, '1980-05-26', '2020-04-12 14:43:46', 'alix99@hernandez.org', 'NR', 'roland08', 0, '$argon2id$v=19$m=65536,t=4,p=1$4yD0D7X7Yi9hg/m3Kaz6mA$wp8B28igsh3A6KeUSw7zuGyMNEgzHFJsVQw/sFPbv3A'),
(131, '1992-03-09', '2018-04-29 12:23:40', 'alexandre.hamel@philippe.com', 'F', 'michelle.lucas', 1, '$argon2id$v=19$m=65536,t=4,p=1$4yD0D7X7Yi9hg/m3Kaz6mA$wp8B28igsh3A6KeUSw7zuGyMNEgzHFJsVQw/sFPbv3A'),
(132, '1988-10-21', '2021-06-25 19:46:14', 'fjacques@live.com', 'F', 'timothee.dupont', 1, '$argon2id$v=19$m=65536,t=4,p=1$4yD0D7X7Yi9hg/m3Kaz6mA$wp8B28igsh3A6KeUSw7zuGyMNEgzHFJsVQw/sFPbv3A'),
(133, '1980-02-12', '2018-02-15 04:12:23', 'martin.adrienne@martel.fr', 'NB', 'tbecker', 1, '$argon2id$v=19$m=65536,t=4,p=1$4yD0D7X7Yi9hg/m3Kaz6mA$wp8B28igsh3A6KeUSw7zuGyMNEgzHFJsVQw/sFPbv3A'),
(134, '1997-09-15', '2015-09-23 18:44:18', 'antoine29@dbmail.com', 'F', 'toussaint.robert', 0, '$argon2id$v=19$m=65536,t=4,p=1$4yD0D7X7Yi9hg/m3Kaz6mA$wp8B28igsh3A6KeUSw7zuGyMNEgzHFJsVQw/sFPbv3A'),
(135, '1984-05-13', '2021-09-26 17:31:49', 'edouard.rocher@coste.net', 'NR', 'leroux.martin', 0, '$argon2id$v=19$m=65536,t=4,p=1$4yD0D7X7Yi9hg/m3Kaz6mA$wp8B28igsh3A6KeUSw7zuGyMNEgzHFJsVQw/sFPbv3A'),
(136, '1986-02-14', '2015-03-07 09:21:43', 'zvincent@hotmail.fr', 'NB', 'anastasie09', 0, '$argon2id$v=19$m=65536,t=4,p=1$4yD0D7X7Yi9hg/m3Kaz6mA$wp8B28igsh3A6KeUSw7zuGyMNEgzHFJsVQw/sFPbv3A'),
(137, '1998-03-07', '2015-03-19 05:29:59', 'zdufour@club-internet.fr', 'NR', 'gauthier.alphonse', 1, '$argon2id$v=19$m=65536,t=4,p=1$4yD0D7X7Yi9hg/m3Kaz6mA$wp8B28igsh3A6KeUSw7zuGyMNEgzHFJsVQw/sFPbv3A'),
(138, '1995-02-08', '2017-06-25 10:58:58', 'echartier@dacosta.com', 'H', 'zoe50', 1, '$argon2id$v=19$m=65536,t=4,p=1$4yD0D7X7Yi9hg/m3Kaz6mA$wp8B28igsh3A6KeUSw7zuGyMNEgzHFJsVQw/sFPbv3A'),
(139, '1993-08-03', '2020-08-04 13:13:19', 'leveque.astrid@orange.fr', 'H', 'bchartier', 0, '$argon2id$v=19$m=65536,t=4,p=1$4yD0D7X7Yi9hg/m3Kaz6mA$wp8B28igsh3A6KeUSw7zuGyMNEgzHFJsVQw/sFPbv3A'),
(140, '1999-10-01', '2018-02-20 15:35:06', 'vasseur.julien@laposte.net', 'NB', 'diane65', 0, '$argon2id$v=19$m=65536,t=4,p=1$4yD0D7X7Yi9hg/m3Kaz6mA$wp8B28igsh3A6KeUSw7zuGyMNEgzHFJsVQw/sFPbv3A'),
(141, '1996-02-19', '2019-12-31 03:34:25', 'zgermain@tele2.fr', 'F', 'neveu.marc', 1, '$argon2id$v=19$m=65536,t=4,p=1$4yD0D7X7Yi9hg/m3Kaz6mA$wp8B28igsh3A6KeUSw7zuGyMNEgzHFJsVQw/sFPbv3A'),
(142, '1999-02-01', '2020-01-27 01:21:48', 'celina66@yahoo.fr', 'NR', 'marcel.morvan', 0, '$argon2id$v=19$m=65536,t=4,p=1$4yD0D7X7Yi9hg/m3Kaz6mA$wp8B28igsh3A6KeUSw7zuGyMNEgzHFJsVQw/sFPbv3A'),
(143, '2000-05-23', '2016-06-28 18:04:40', 'hdupre@dbmail.com', 'F', 'margaret10', 1, '$argon2id$v=19$m=65536,t=4,p=1$4yD0D7X7Yi9hg/m3Kaz6mA$wp8B28igsh3A6KeUSw7zuGyMNEgzHFJsVQw/sFPbv3A'),
(144, '1981-12-21', '2016-09-23 01:25:28', 'michelle.bertrand@caron.fr', 'F', 'brun.robert', 1, '$argon2id$v=19$m=65536,t=4,p=1$4yD0D7X7Yi9hg/m3Kaz6mA$wp8B28igsh3A6KeUSw7zuGyMNEgzHFJsVQw/sFPbv3A'),
(145, '2000-05-26', '2021-01-17 21:26:09', 'samson.alain@morin.fr', 'NR', 'louise.royer', 1, '$argon2id$v=19$m=65536,t=4,p=1$4yD0D7X7Yi9hg/m3Kaz6mA$wp8B28igsh3A6KeUSw7zuGyMNEgzHFJsVQw/sFPbv3A'),
(146, '1981-03-19', '2015-11-17 10:44:55', 'whoareau@yahoo.fr', 'F', 'xavier21', 1, '$argon2id$v=19$m=65536,t=4,p=1$4yD0D7X7Yi9hg/m3Kaz6mA$wp8B28igsh3A6KeUSw7zuGyMNEgzHFJsVQw/sFPbv3A'),
(147, '1999-02-25', '2015-06-26 20:45:59', 'frederique.ramos@hernandez.fr', 'NB', 'durand.yves', 1, '$argon2id$v=19$m=65536,t=4,p=1$4yD0D7X7Yi9hg/m3Kaz6mA$wp8B28igsh3A6KeUSw7zuGyMNEgzHFJsVQw/sFPbv3A'),
(148, '1982-08-11', '2017-12-03 18:45:43', 'fsimon@wanadoo.fr', 'NB', 'raymond59', 0, '$argon2id$v=19$m=65536,t=4,p=1$4yD0D7X7Yi9hg/m3Kaz6mA$wp8B28igsh3A6KeUSw7zuGyMNEgzHFJsVQw/sFPbv3A'),
(149, '1984-09-11', '2016-04-03 00:14:31', 'helene45@maillard.fr', 'NR', 'tcordier', 1, '$argon2id$v=19$m=65536,t=4,p=1$4yD0D7X7Yi9hg/m3Kaz6mA$wp8B28igsh3A6KeUSw7zuGyMNEgzHFJsVQw/sFPbv3A'),
(150, '1985-05-31', '2019-08-15 01:42:50', 'bjean@bazin.fr', 'F', 'marine.joubert', 0, '$argon2id$v=19$m=65536,t=4,p=1$4yD0D7X7Yi9hg/m3Kaz6mA$wp8B28igsh3A6KeUSw7zuGyMNEgzHFJsVQw/sFPbv3A'),
(151, '1985-11-27', '2022-08-30 19:31:36', 'philippine.maillet@hotmail.fr', 'H', 'audrey11', 1, '$argon2id$v=19$m=65536,t=4,p=1$4yD0D7X7Yi9hg/m3Kaz6mA$wp8B28igsh3A6KeUSw7zuGyMNEgzHFJsVQw/sFPbv3A'),
(152, '2000-05-20', '2016-08-26 04:20:35', 'lefevre.lucy@riviere.net', 'F', 'gabriel96', 0, '$argon2id$v=19$m=65536,t=4,p=1$4yD0D7X7Yi9hg/m3Kaz6mA$wp8B28igsh3A6KeUSw7zuGyMNEgzHFJsVQw/sFPbv3A'),
(153, '1982-07-18', '2018-12-30 13:49:38', 'yjourdan@david.fr', 'NB', 'hfrancois', 1, '$argon2id$v=19$m=65536,t=4,p=1$4yD0D7X7Yi9hg/m3Kaz6mA$wp8B28igsh3A6KeUSw7zuGyMNEgzHFJsVQw/sFPbv3A'),
(154, '1996-01-30', '2021-02-10 01:36:56', 'morel.hortense@laposte.net', 'H', 'raymond.francois', 1, '$argon2id$v=19$m=65536,t=4,p=1$4yD0D7X7Yi9hg/m3Kaz6mA$wp8B28igsh3A6KeUSw7zuGyMNEgzHFJsVQw/sFPbv3A'),
(155, '1993-07-06', '2021-06-23 14:00:57', 'maggie55@free.fr', 'NB', 'denis28', 1, '$argon2id$v=19$m=65536,t=4,p=1$4yD0D7X7Yi9hg/m3Kaz6mA$wp8B28igsh3A6KeUSw7zuGyMNEgzHFJsVQw/sFPbv3A'),
(156, '1995-07-08', '2018-09-11 14:46:06', 'vloiseau@vaillant.fr', 'F', 'stephanie39', 1, '$argon2id$v=19$m=65536,t=4,p=1$4yD0D7X7Yi9hg/m3Kaz6mA$wp8B28igsh3A6KeUSw7zuGyMNEgzHFJsVQw/sFPbv3A'),
(157, '1986-09-05', '2021-12-28 21:26:38', 'gilbert.garnier@raynaud.com', 'H', 'fournier.nath', 0, '$argon2id$v=19$m=65536,t=4,p=1$4yD0D7X7Yi9hg/m3Kaz6mA$wp8B28igsh3A6KeUSw7zuGyMNEgzHFJsVQw/sFPbv3A'),
(158, '1995-10-08', '2021-05-21 13:38:26', 'manon09@guillet.org', 'NR', 'jules50', 1, '$argon2id$v=19$m=65536,t=4,p=1$4yD0D7X7Yi9hg/m3Kaz6mA$wp8B28igsh3A6KeUSw7zuGyMNEgzHFJsVQw/sFPbv3A'),
(159, '1993-04-13', '2021-11-21 05:39:11', 'camille.techer@club-internet.fr', 'NR', 'david28', 1, '$argon2id$v=19$m=65536,t=4,p=1$4yD0D7X7Yi9hg/m3Kaz6mA$wp8B28igsh3A6KeUSw7zuGyMNEgzHFJsVQw/sFPbv3A'),
(160, '1982-09-22', '2019-10-08 22:18:29', 'morel.roland@dbmail.com', 'F', 'lacombe.victor', 0, '$argon2id$v=19$m=65536,t=4,p=1$4yD0D7X7Yi9hg/m3Kaz6mA$wp8B28igsh3A6KeUSw7zuGyMNEgzHFJsVQw/sFPbv3A'),
(161, '1981-02-19', '2017-06-21 03:47:50', 'therese15@leduc.com', 'NR', 'corinne31', 1, '$argon2id$v=19$m=65536,t=4,p=1$4yD0D7X7Yi9hg/m3Kaz6mA$wp8B28igsh3A6KeUSw7zuGyMNEgzHFJsVQw/sFPbv3A'),
(162, '1997-03-10', '2016-01-11 03:45:13', 'margaret.etienne@delahaye.net', 'H', 'jules11', 0, '$argon2id$v=19$m=65536,t=4,p=1$4yD0D7X7Yi9hg/m3Kaz6mA$wp8B28igsh3A6KeUSw7zuGyMNEgzHFJsVQw/sFPbv3A'),
(163, '1991-04-28', '2018-02-14 20:17:09', 'qvallet@gmail.com', 'NR', 'dletellier', 0, '$argon2id$v=19$m=65536,t=4,p=1$4yD0D7X7Yi9hg/m3Kaz6mA$wp8B28igsh3A6KeUSw7zuGyMNEgzHFJsVQw/sFPbv3A'),
(164, '1999-08-08', '2019-08-31 22:26:47', 'gilbert.clement@club-internet.fr', 'H', 'storres', 1, '$argon2id$v=19$m=65536,t=4,p=1$4yD0D7X7Yi9hg/m3Kaz6mA$wp8B28igsh3A6KeUSw7zuGyMNEgzHFJsVQw/sFPbv3A'),
(165, '1996-04-01', '2016-05-05 23:00:18', 'breton.rene@hotmail.fr', 'NB', 'lgauthier', 1, '$argon2id$v=19$m=65536,t=4,p=1$4yD0D7X7Yi9hg/m3Kaz6mA$wp8B28igsh3A6KeUSw7zuGyMNEgzHFJsVQw/sFPbv3A'),
(166, '1984-09-26', '2018-02-14 19:20:27', 'leon69@millet.fr', 'NB', 'moreau.denis', 1, '$argon2id$v=19$m=65536,t=4,p=1$4yD0D7X7Yi9hg/m3Kaz6mA$wp8B28igsh3A6KeUSw7zuGyMNEgzHFJsVQw/sFPbv3A'),
(167, '1982-05-05', '2018-10-29 15:27:56', 'brun.lucas@live.com', 'F', 'dorothee.normand', 0, '$argon2id$v=19$m=65536,t=4,p=1$4yD0D7X7Yi9hg/m3Kaz6mA$wp8B28igsh3A6KeUSw7zuGyMNEgzHFJsVQw/sFPbv3A'),
(168, '1986-04-06', '2018-09-11 22:00:46', 'parent.agathe@dbmail.com', 'NR', 'hortense.bruneau', 1, '$argon2id$v=19$m=65536,t=4,p=1$4yD0D7X7Yi9hg/m3Kaz6mA$wp8B28igsh3A6KeUSw7zuGyMNEgzHFJsVQw/sFPbv3A'),
(169, '1994-09-29', '2019-09-07 08:39:22', 'lmarchal@gmail.com', 'NR', 'stephane57', 0, '$argon2id$v=19$m=65536,t=4,p=1$4yD0D7X7Yi9hg/m3Kaz6mA$wp8B28igsh3A6KeUSw7zuGyMNEgzHFJsVQw/sFPbv3A'),
(170, '1998-06-26', '2018-07-26 10:18:55', 'guillaume14@gregoire.com', 'NB', 'dominique95', 1, '$argon2id$v=19$m=65536,t=4,p=1$4yD0D7X7Yi9hg/m3Kaz6mA$wp8B28igsh3A6KeUSw7zuGyMNEgzHFJsVQw/sFPbv3A'),
(171, '1994-01-15', '2015-06-06 08:52:55', 'jbecker@techer.com', 'NB', 'nicolas.costa', 0, '$argon2id$v=19$m=65536,t=4,p=1$4yD0D7X7Yi9hg/m3Kaz6mA$wp8B28igsh3A6KeUSw7zuGyMNEgzHFJsVQw/sFPbv3A'),
(172, '1990-01-30', '2020-10-31 15:10:54', 'suzanne.lefebvre@bertin.org', 'NB', 'morvan.philippe', 1, '$argon2id$v=19$m=65536,t=4,p=1$4yD0D7X7Yi9hg/m3Kaz6mA$wp8B28igsh3A6KeUSw7zuGyMNEgzHFJsVQw/sFPbv3A'),
(173, '1991-12-31', '2016-06-24 03:46:27', 'dorothee.joly@peltier.com', 'NB', 'lebreton.jules', 1, '$argon2id$v=19$m=65536,t=4,p=1$4yD0D7X7Yi9hg/m3Kaz6mA$wp8B28igsh3A6KeUSw7zuGyMNEgzHFJsVQw/sFPbv3A'),
(174, '1982-07-20', '2015-11-30 17:47:53', 'dupont.xavier@sfr.fr', 'H', 'wlegros', 0, '$argon2id$v=19$m=65536,t=4,p=1$4yD0D7X7Yi9hg/m3Kaz6mA$wp8B28igsh3A6KeUSw7zuGyMNEgzHFJsVQw/sFPbv3A'),
(175, '1987-04-22', '2015-12-08 22:16:39', 'astrid45@leleu.net', 'H', 'thibault.andree', 1, '$argon2id$v=19$m=65536,t=4,p=1$4yD0D7X7Yi9hg/m3Kaz6mA$wp8B28igsh3A6KeUSw7zuGyMNEgzHFJsVQw/sFPbv3A'),
(176, '1992-04-13', '2020-03-08 23:57:51', 'andree.legros@dbmail.com', 'H', 'zmallet', 1, '$argon2id$v=19$m=65536,t=4,p=1$4yD0D7X7Yi9hg/m3Kaz6mA$wp8B28igsh3A6KeUSw7zuGyMNEgzHFJsVQw/sFPbv3A'),
(177, '1992-08-30', '2022-01-18 09:44:51', 'amelie96@legoff.fr', 'NB', 'alice.renault', 1, '$argon2id$v=19$m=65536,t=4,p=1$4yD0D7X7Yi9hg/m3Kaz6mA$wp8B28igsh3A6KeUSw7zuGyMNEgzHFJsVQw/sFPbv3A'),
(178, '1996-08-06', '2018-02-10 15:40:00', 'timothee78@pineau.com', 'NB', 'christiane.bruneau', 0, '$argon2id$v=19$m=65536,t=4,p=1$4yD0D7X7Yi9hg/m3Kaz6mA$wp8B28igsh3A6KeUSw7zuGyMNEgzHFJsVQw/sFPbv3A'),
(179, '1986-09-22', '2022-08-10 19:10:44', 'schmitt.thibault@georges.com', 'NB', 'alain55', 1, '$argon2id$v=19$m=65536,t=4,p=1$4yD0D7X7Yi9hg/m3Kaz6mA$wp8B28igsh3A6KeUSw7zuGyMNEgzHFJsVQw/sFPbv3A'),
(180, '1999-10-07', '2021-12-22 14:49:33', 'laurent63@noos.fr', 'F', 'bousquet.colette', 1, '$argon2id$v=19$m=65536,t=4,p=1$4yD0D7X7Yi9hg/m3Kaz6mA$wp8B28igsh3A6KeUSw7zuGyMNEgzHFJsVQw/sFPbv3A'),
(181, '1996-11-02', '2017-04-02 03:31:26', 'lucie86@tele2.fr', 'H', 'rbonnet', 0, '$argon2id$v=19$m=65536,t=4,p=1$4yD0D7X7Yi9hg/m3Kaz6mA$wp8B28igsh3A6KeUSw7zuGyMNEgzHFJsVQw/sFPbv3A'),
(182, '1987-05-28', '2019-11-02 22:19:39', 'abourdon@breton.net', 'F', 'eric.dumas', 0, '$argon2id$v=19$m=65536,t=4,p=1$4yD0D7X7Yi9hg/m3Kaz6mA$wp8B28igsh3A6KeUSw7zuGyMNEgzHFJsVQw/sFPbv3A'),
(183, '1994-05-23', '2019-09-23 11:58:09', 'gilbert86@didier.com', 'NR', 'fdupuis', 1, '$argon2id$v=19$m=65536,t=4,p=1$4yD0D7X7Yi9hg/m3Kaz6mA$wp8B28igsh3A6KeUSw7zuGyMNEgzHFJsVQw/sFPbv3A'),
(184, '1981-01-08', '2021-10-31 07:57:33', 'jean.marion@yahoo.fr', 'NR', 'herve.laure', 0, '$argon2id$v=19$m=65536,t=4,p=1$4yD0D7X7Yi9hg/m3Kaz6mA$wp8B28igsh3A6KeUSw7zuGyMNEgzHFJsVQw/sFPbv3A'),
(185, '1987-10-05', '2020-12-03 12:45:36', 'sophie.peron@gaudin.org', 'H', 'fdijoux', 1, '$argon2id$v=19$m=65536,t=4,p=1$4yD0D7X7Yi9hg/m3Kaz6mA$wp8B28igsh3A6KeUSw7zuGyMNEgzHFJsVQw/sFPbv3A'),
(186, '1984-10-31', '2017-08-23 15:32:49', 'blot.anastasie@rodrigues.com', 'F', 'msamson', 0, '$argon2id$v=19$m=65536,t=4,p=1$4yD0D7X7Yi9hg/m3Kaz6mA$wp8B28igsh3A6KeUSw7zuGyMNEgzHFJsVQw/sFPbv3A'),
(187, '1984-06-24', '2015-05-19 22:44:04', 'sbonnin@gautier.fr', 'NB', 'jean59', 0, '$argon2id$v=19$m=65536,t=4,p=1$4yD0D7X7Yi9hg/m3Kaz6mA$wp8B28igsh3A6KeUSw7zuGyMNEgzHFJsVQw/sFPbv3A'),
(188, '1993-05-09', '2019-02-17 22:39:10', 'auguste29@boucher.org', 'NB', 'fouquet.juliette', 1, '$argon2id$v=19$m=65536,t=4,p=1$4yD0D7X7Yi9hg/m3Kaz6mA$wp8B28igsh3A6KeUSw7zuGyMNEgzHFJsVQw/sFPbv3A'),
(189, '1988-05-09', '2018-02-07 16:46:11', 'marthe91@paul.org', 'NB', 'stephanie29', 0, '$argon2id$v=19$m=65536,t=4,p=1$4yD0D7X7Yi9hg/m3Kaz6mA$wp8B28igsh3A6KeUSw7zuGyMNEgzHFJsVQw/sFPbv3A'),
(190, '1985-07-03', '2015-09-08 02:07:25', 'maryse.navarro@orange.fr', 'NR', 'ulagarde', 0, '$argon2id$v=19$m=65536,t=4,p=1$4yD0D7X7Yi9hg/m3Kaz6mA$wp8B28igsh3A6KeUSw7zuGyMNEgzHFJsVQw/sFPbv3A'),
(191, '1991-09-22', '2020-12-24 15:31:58', 'zoe.gomez@gmail.com', 'NR', 'tgallet', 1, '$argon2id$v=19$m=65536,t=4,p=1$4yD0D7X7Yi9hg/m3Kaz6mA$wp8B28igsh3A6KeUSw7zuGyMNEgzHFJsVQw/sFPbv3A'),
(192, '1984-04-19', '2019-05-25 16:26:22', 'rousseau.claire@orange.fr', 'F', 'maillot.maurice', 1, '$argon2id$v=19$m=65536,t=4,p=1$4yD0D7X7Yi9hg/m3Kaz6mA$wp8B28igsh3A6KeUSw7zuGyMNEgzHFJsVQw/sFPbv3A'),
(193, '1998-09-30', '2017-04-01 15:46:33', 'celine.ribeiro@wanadoo.fr', 'NR', 'benjamin.desousa', 0, '$argon2id$v=19$m=65536,t=4,p=1$4yD0D7X7Yi9hg/m3Kaz6mA$wp8B28igsh3A6KeUSw7zuGyMNEgzHFJsVQw/sFPbv3A'),
(194, '1999-09-11', '2015-06-07 01:03:28', 'lucas.payet@gmail.com', 'NR', 'david.marechal', 0, '$argon2id$v=19$m=65536,t=4,p=1$4yD0D7X7Yi9hg/m3Kaz6mA$wp8B28igsh3A6KeUSw7zuGyMNEgzHFJsVQw/sFPbv3A'),
(195, '1989-06-13', '2016-02-14 10:42:20', 'richard95@bodin.fr', 'H', 'renee00', 1, '$argon2id$v=19$m=65536,t=4,p=1$4yD0D7X7Yi9hg/m3Kaz6mA$wp8B28igsh3A6KeUSw7zuGyMNEgzHFJsVQw/sFPbv3A'),
(196, '1985-09-13', '2019-12-26 03:46:19', 'dtorres@marin.fr', 'NR', 'susanne.lombard', 0, '$argon2id$v=19$m=65536,t=4,p=1$4yD0D7X7Yi9hg/m3Kaz6mA$wp8B28igsh3A6KeUSw7zuGyMNEgzHFJsVQw/sFPbv3A'),
(197, '1994-05-06', '2020-06-01 15:49:55', 'xavier35@tele2.fr', 'H', 'jacques.coste', 0, '$argon2id$v=19$m=65536,t=4,p=1$4yD0D7X7Yi9hg/m3Kaz6mA$wp8B28igsh3A6KeUSw7zuGyMNEgzHFJsVQw/sFPbv3A'),
(198, '1994-12-02', '2018-02-11 21:22:20', 'nathalie37@noos.fr', 'NB', 'arnaud.jacques', 1, '$argon2id$v=19$m=65536,t=4,p=1$4yD0D7X7Yi9hg/m3Kaz6mA$wp8B28igsh3A6KeUSw7zuGyMNEgzHFJsVQw/sFPbv3A'),
(199, '1995-10-14', '2019-01-19 14:06:20', 'sebastien.gonzalez@orange.fr', 'H', 'duval.theodore', 1, '$argon2id$v=19$m=65536,t=4,p=1$4yD0D7X7Yi9hg/m3Kaz6mA$wp8B28igsh3A6KeUSw7zuGyMNEgzHFJsVQw/sFPbv3A'),
(200, '1986-11-01', '2022-03-29 20:32:49', 'weber.adelaide@hotmail.fr', 'NR', 'eleveque', 0, '$argon2id$v=19$m=65536,t=4,p=1$4yD0D7X7Yi9hg/m3Kaz6mA$wp8B28igsh3A6KeUSw7zuGyMNEgzHFJsVQw/sFPbv3A'),
(201, '1989-01-12', '2021-01-17 00:21:30', 'christophe.fischer@laposte.net', 'NR', 'abuisson', 0, '$argon2id$v=19$m=65536,t=4,p=1$4yD0D7X7Yi9hg/m3Kaz6mA$wp8B28igsh3A6KeUSw7zuGyMNEgzHFJsVQw/sFPbv3A'),
(202, '1993-04-21', '2022-09-05 16:00:59', 'henri.lemonnier@cordier.fr', 'NB', 'gilbert.laurence', 1, '$argon2id$v=19$m=65536,t=4,p=1$4yD0D7X7Yi9hg/m3Kaz6mA$wp8B28igsh3A6KeUSw7zuGyMNEgzHFJsVQw/sFPbv3A'),
(203, '1987-04-10', '2018-07-11 16:20:35', 'wgilbert@orange.fr', 'H', 'leroux.timothee', 1, '$argon2id$v=19$m=65536,t=4,p=1$4yD0D7X7Yi9hg/m3Kaz6mA$wp8B28igsh3A6KeUSw7zuGyMNEgzHFJsVQw/sFPbv3A'),
(204, '1997-02-18', '2022-04-25 12:53:32', 'ctessier@gmail.com', 'NB', 'charlotte.brun', 1, '$argon2id$v=19$m=65536,t=4,p=1$4yD0D7X7Yi9hg/m3Kaz6mA$wp8B28igsh3A6KeUSw7zuGyMNEgzHFJsVQw/sFPbv3A'),
(205, '1984-05-26', '2015-06-26 02:29:27', 'noemi.morin@tele2.fr', 'H', 'hebert.marine', 0, '$argon2id$v=19$m=65536,t=4,p=1$4yD0D7X7Yi9hg/m3Kaz6mA$wp8B28igsh3A6KeUSw7zuGyMNEgzHFJsVQw/sFPbv3A'),
(206, '1991-01-01', '2017-12-20 07:21:09', 'christelle.colin@devaux.com', 'F', 'diane.regnier', 1, '$argon2id$v=19$m=65536,t=4,p=1$4yD0D7X7Yi9hg/m3Kaz6mA$wp8B28igsh3A6KeUSw7zuGyMNEgzHFJsVQw/sFPbv3A'),
(207, '1989-07-01', '2019-06-03 17:38:39', 'denise89@laporte.fr', 'NB', 'upires', 1, '$argon2id$v=19$m=65536,t=4,p=1$4yD0D7X7Yi9hg/m3Kaz6mA$wp8B28igsh3A6KeUSw7zuGyMNEgzHFJsVQw/sFPbv3A'),
(208, '1981-03-09', '2020-07-26 19:49:35', 'suzanne.lebreton@free.fr', 'F', 'qtraore', 0, '$argon2id$v=19$m=65536,t=4,p=1$4yD0D7X7Yi9hg/m3Kaz6mA$wp8B28igsh3A6KeUSw7zuGyMNEgzHFJsVQw/sFPbv3A'),
(209, '1994-03-26', '2017-06-27 11:35:17', 'lucy.martins@riou.fr', 'H', 'christiane.lombard', 1, '$argon2id$v=19$m=65536,t=4,p=1$4yD0D7X7Yi9hg/m3Kaz6mA$wp8B28igsh3A6KeUSw7zuGyMNEgzHFJsVQw/sFPbv3A'),
(210, '1983-09-01', '2019-08-02 09:36:17', 'jfontaine@hotmail.fr', 'NR', 'rfernandes', 1, '$argon2id$v=19$m=65536,t=4,p=1$4yD0D7X7Yi9hg/m3Kaz6mA$wp8B28igsh3A6KeUSw7zuGyMNEgzHFJsVQw/sFPbv3A'),
(211, '1995-03-12', '2018-07-16 23:38:25', 'edouard43@yahoo.fr', 'F', 'brigitte92', 0, '$argon2id$v=19$m=65536,t=4,p=1$4yD0D7X7Yi9hg/m3Kaz6mA$wp8B28igsh3A6KeUSw7zuGyMNEgzHFJsVQw/sFPbv3A'),
(212, '1989-01-29', '2019-03-06 00:29:52', 'camille.costa@dbmail.com', 'NR', 'sdelannoy', 0, '$argon2id$v=19$m=65536,t=4,p=1$4yD0D7X7Yi9hg/m3Kaz6mA$wp8B28igsh3A6KeUSw7zuGyMNEgzHFJsVQw/sFPbv3A'),
(213, '1993-04-24', '2016-06-25 23:40:03', 'delmas.jeanne@rousseau.org', 'NB', 'emmanuelle67', 1, '$argon2id$v=19$m=65536,t=4,p=1$4yD0D7X7Yi9hg/m3Kaz6mA$wp8B28igsh3A6KeUSw7zuGyMNEgzHFJsVQw/sFPbv3A'),
(214, '1982-11-07', '2016-07-31 00:31:37', 'charlotte89@lefort.com', 'H', 'renee.hamon', 0, '$argon2id$v=19$m=65536,t=4,p=1$4yD0D7X7Yi9hg/m3Kaz6mA$wp8B28igsh3A6KeUSw7zuGyMNEgzHFJsVQw/sFPbv3A'),
(215, '1986-12-31', '2018-05-15 21:18:08', 'bigot.jean@thibault.fr', 'H', 'nicolas.moreau', 1, '$argon2id$v=19$m=65536,t=4,p=1$4yD0D7X7Yi9hg/m3Kaz6mA$wp8B28igsh3A6KeUSw7zuGyMNEgzHFJsVQw/sFPbv3A'),
(216, '1994-07-12', '2019-11-12 17:24:08', 'martinez.susanne@rousset.com', 'F', 'seguin.gilbert', 0, '$argon2id$v=19$m=65536,t=4,p=1$4yD0D7X7Yi9hg/m3Kaz6mA$wp8B28igsh3A6KeUSw7zuGyMNEgzHFJsVQw/sFPbv3A'),
(217, '1984-06-16', '2020-08-08 21:32:18', 'robert.normand@yahoo.fr', 'F', 'jeannine.lopez', 0, '$argon2id$v=19$m=65536,t=4,p=1$4yD0D7X7Yi9hg/m3Kaz6mA$wp8B28igsh3A6KeUSw7zuGyMNEgzHFJsVQw/sFPbv3A'),
(218, '1995-01-08', '2015-02-22 19:40:57', 'jmasse@lemoine.com', 'NR', 'lebreton.danielle', 0, '$argon2id$v=19$m=65536,t=4,p=1$4yD0D7X7Yi9hg/m3Kaz6mA$wp8B28igsh3A6KeUSw7zuGyMNEgzHFJsVQw/sFPbv3A'),
(219, '1989-11-10', '2020-11-22 16:33:53', 'gosselin.michele@teixeira.fr', 'NB', 'gregoire.valette', 0, '$argon2id$v=19$m=65536,t=4,p=1$4yD0D7X7Yi9hg/m3Kaz6mA$wp8B28igsh3A6KeUSw7zuGyMNEgzHFJsVQw/sFPbv3A'),
(220, '1992-10-14', '2015-11-20 23:14:02', 'robert99@orange.fr', 'F', 'vchevallier', 1, '$argon2id$v=19$m=65536,t=4,p=1$4yD0D7X7Yi9hg/m3Kaz6mA$wp8B28igsh3A6KeUSw7zuGyMNEgzHFJsVQw/sFPbv3A'),
(221, '1996-08-17', '2016-08-15 05:48:07', 'emmanuel10@live.com', 'NB', 'xteixeira', 0, '$argon2id$v=19$m=65536,t=4,p=1$4yD0D7X7Yi9hg/m3Kaz6mA$wp8B28igsh3A6KeUSw7zuGyMNEgzHFJsVQw/sFPbv3A'),
(222, '1986-09-20', '2020-12-02 03:45:45', 'ofrancois@guerin.com', 'NR', 'william.collet', 0, '$argon2id$v=19$m=65536,t=4,p=1$4yD0D7X7Yi9hg/m3Kaz6mA$wp8B28igsh3A6KeUSw7zuGyMNEgzHFJsVQw/sFPbv3A'),
(223, '1999-12-27', '2020-01-01 20:43:03', 'zlouis@chartier.com', 'F', 'nath56', 1, '$argon2id$v=19$m=65536,t=4,p=1$4yD0D7X7Yi9hg/m3Kaz6mA$wp8B28igsh3A6KeUSw7zuGyMNEgzHFJsVQw/sFPbv3A'),
(224, '1982-06-12', '2018-06-02 11:04:16', 'plabbe@laposte.net', 'F', 'nathalie55', 1, '$argon2id$v=19$m=65536,t=4,p=1$4yD0D7X7Yi9hg/m3Kaz6mA$wp8B28igsh3A6KeUSw7zuGyMNEgzHFJsVQw/sFPbv3A'),
(225, '1988-11-29', '2015-05-02 07:51:40', 'nicole11@lecoq.com', 'NB', 'maryse64', 1, '$argon2id$v=19$m=65536,t=4,p=1$4yD0D7X7Yi9hg/m3Kaz6mA$wp8B28igsh3A6KeUSw7zuGyMNEgzHFJsVQw/sFPbv3A'),
(226, '1993-11-13', '2017-10-26 21:41:44', 'laurent10@laporte.com', 'NR', 'leroux.william', 0, '$argon2id$v=19$m=65536,t=4,p=1$4yD0D7X7Yi9hg/m3Kaz6mA$wp8B28igsh3A6KeUSw7zuGyMNEgzHFJsVQw/sFPbv3A'),
(227, '1981-09-04', '2020-10-12 12:18:23', 'ftorres@rolland.com', 'NB', 'hoarau.bertrand', 0, '$argon2id$v=19$m=65536,t=4,p=1$4yD0D7X7Yi9hg/m3Kaz6mA$wp8B28igsh3A6KeUSw7zuGyMNEgzHFJsVQw/sFPbv3A'),
(228, '1993-04-20', '2021-11-06 14:36:35', 'leveque.gabriel@club-internet.fr', 'F', 'antoine91', 0, '$argon2id$v=19$m=65536,t=4,p=1$4yD0D7X7Yi9hg/m3Kaz6mA$wp8B28igsh3A6KeUSw7zuGyMNEgzHFJsVQw/sFPbv3A'),
(229, '1993-06-22', '2015-11-18 01:01:43', 'jgarcia@barthelemy.fr', 'F', 'voisin.jerome', 1, '$argon2id$v=19$m=65536,t=4,p=1$4yD0D7X7Yi9hg/m3Kaz6mA$wp8B28igsh3A6KeUSw7zuGyMNEgzHFJsVQw/sFPbv3A'),
(230, '1996-09-14', '2022-06-20 07:48:03', 'valette.maggie@diaz.org', 'F', 'bernard73', 0, '$argon2id$v=19$m=65536,t=4,p=1$4yD0D7X7Yi9hg/m3Kaz6mA$wp8B28igsh3A6KeUSw7zuGyMNEgzHFJsVQw/sFPbv3A'),
(231, '1999-09-19', '2015-08-30 12:11:31', 'margot97@hotmail.fr', 'H', 'marchand.adrienne', 1, '$argon2id$v=19$m=65536,t=4,p=1$4yD0D7X7Yi9hg/m3Kaz6mA$wp8B28igsh3A6KeUSw7zuGyMNEgzHFJsVQw/sFPbv3A'),
(232, '2000-03-18', '2016-08-10 15:10:02', 'marc97@sfr.fr', 'NB', 'thomas.brunel', 0, '$argon2id$v=19$m=65536,t=4,p=1$4yD0D7X7Yi9hg/m3Kaz6mA$wp8B28igsh3A6KeUSw7zuGyMNEgzHFJsVQw/sFPbv3A'),
(233, '1983-11-11', '2020-04-06 05:00:44', 'michele.letellier@free.fr', 'F', 'timothee31', 0, '$argon2id$v=19$m=65536,t=4,p=1$4yD0D7X7Yi9hg/m3Kaz6mA$wp8B28igsh3A6KeUSw7zuGyMNEgzHFJsVQw/sFPbv3A'),
(234, '1980-10-19', '2019-05-29 00:21:57', 'jacques87@wanadoo.fr', 'NR', 'hortense97', 1, '$argon2id$v=19$m=65536,t=4,p=1$4yD0D7X7Yi9hg/m3Kaz6mA$wp8B28igsh3A6KeUSw7zuGyMNEgzHFJsVQw/sFPbv3A'),
(235, '1986-07-27', '2020-04-05 02:44:52', 'claudine57@gmail.com', 'NB', 'boucher.maryse', 0, '$argon2id$v=19$m=65536,t=4,p=1$4yD0D7X7Yi9hg/m3Kaz6mA$wp8B28igsh3A6KeUSw7zuGyMNEgzHFJsVQw/sFPbv3A'),
(236, '1987-12-28', '2022-04-24 10:11:37', 'fernandes.yves@sfr.fr', 'NR', 'manon.rey', 0, '$argon2id$v=19$m=65536,t=4,p=1$4yD0D7X7Yi9hg/m3Kaz6mA$wp8B28igsh3A6KeUSw7zuGyMNEgzHFJsVQw/sFPbv3A'),
(237, '1993-07-05', '2017-08-19 15:36:02', 'jbodin@briand.fr', 'NB', 'qhubert', 1, '$argon2id$v=19$m=65536,t=4,p=1$4yD0D7X7Yi9hg/m3Kaz6mA$wp8B28igsh3A6KeUSw7zuGyMNEgzHFJsVQw/sFPbv3A'),
(238, '1988-03-23', '2021-09-07 00:18:44', 'barre.nicolas@paul.fr', 'NR', 'gabriel.bertin', 0, '$argon2id$v=19$m=65536,t=4,p=1$4yD0D7X7Yi9hg/m3Kaz6mA$wp8B28igsh3A6KeUSw7zuGyMNEgzHFJsVQw/sFPbv3A'),
(239, '2000-10-09', '2020-04-09 06:32:58', 'marchal.paulette@sanchez.fr', 'H', 'ubernier', 0, '$argon2id$v=19$m=65536,t=4,p=1$4yD0D7X7Yi9hg/m3Kaz6mA$wp8B28igsh3A6KeUSw7zuGyMNEgzHFJsVQw/sFPbv3A'),
(240, '1992-12-01', '2015-12-07 23:35:44', 'maurice92@maillot.fr', 'F', 'pineau.zacharie', 0, '$argon2id$v=19$m=65536,t=4,p=1$4yD0D7X7Yi9hg/m3Kaz6mA$wp8B28igsh3A6KeUSw7zuGyMNEgzHFJsVQw/sFPbv3A'),
(241, '2000-11-16', '2020-09-19 20:05:00', 'mercier.jeannine@launay.org', 'F', 'trousset', 0, '$argon2id$v=19$m=65536,t=4,p=1$4yD0D7X7Yi9hg/m3Kaz6mA$wp8B28igsh3A6KeUSw7zuGyMNEgzHFJsVQw/sFPbv3A'),
(242, '1987-09-10', '2018-10-18 01:40:10', 'andre83@gaudin.fr', 'H', 'emartineau', 0, '$argon2id$v=19$m=65536,t=4,p=1$4yD0D7X7Yi9hg/m3Kaz6mA$wp8B28igsh3A6KeUSw7zuGyMNEgzHFJsVQw/sFPbv3A'),
(243, '1990-05-21', '2022-09-15 08:23:35', 'margaret.schneider@rousset.net', 'F', 'texier.etienne', 1, '$argon2id$v=19$m=65536,t=4,p=1$4yD0D7X7Yi9hg/m3Kaz6mA$wp8B28igsh3A6KeUSw7zuGyMNEgzHFJsVQw/sFPbv3A'),
(244, '1988-05-30', '2021-05-15 16:18:42', 'pfaure@rousset.com', 'F', 'godard.matthieu', 1, '$argon2id$v=19$m=65536,t=4,p=1$4yD0D7X7Yi9hg/m3Kaz6mA$wp8B28igsh3A6KeUSw7zuGyMNEgzHFJsVQw/sFPbv3A'),
(245, '1999-02-12', '2019-07-19 21:58:44', 'aurelie.richard@yahoo.fr', 'F', 'christelle.reynaud', 0, '$argon2id$v=19$m=65536,t=4,p=1$4yD0D7X7Yi9hg/m3Kaz6mA$wp8B28igsh3A6KeUSw7zuGyMNEgzHFJsVQw/sFPbv3A'),
(246, '1997-10-06', '2022-02-27 13:45:13', 'michelle59@bouvier.fr', 'NB', 'julien13', 0, '$argon2id$v=19$m=65536,t=4,p=1$4yD0D7X7Yi9hg/m3Kaz6mA$wp8B28igsh3A6KeUSw7zuGyMNEgzHFJsVQw/sFPbv3A'),
(247, '2000-08-24', '2018-03-23 03:23:26', 'mathilde23@david.fr', 'NB', 'alebrun', 0, '$argon2id$v=19$m=65536,t=4,p=1$4yD0D7X7Yi9hg/m3Kaz6mA$wp8B28igsh3A6KeUSw7zuGyMNEgzHFJsVQw/sFPbv3A'),
(248, '1986-09-11', '2017-04-06 09:50:17', 'edouard47@guillet.fr', 'H', 'jerome.allard', 1, '$argon2id$v=19$m=65536,t=4,p=1$4yD0D7X7Yi9hg/m3Kaz6mA$wp8B28igsh3A6KeUSw7zuGyMNEgzHFJsVQw/sFPbv3A'),
(249, '1984-05-25', '2015-07-07 07:29:01', 'jweiss@wanadoo.fr', 'NB', 'michelle.laine', 0, '$argon2id$v=19$m=65536,t=4,p=1$4yD0D7X7Yi9hg/m3Kaz6mA$wp8B28igsh3A6KeUSw7zuGyMNEgzHFJsVQw/sFPbv3A'),
(250, '1997-06-29', '2016-09-23 11:24:10', 'georges.blanchet@tele2.fr', 'NB', 'elise.andre', 1, '$argon2id$v=19$m=65536,t=4,p=1$4yD0D7X7Yi9hg/m3Kaz6mA$wp8B28igsh3A6KeUSw7zuGyMNEgzHFJsVQw/sFPbv3A'),
(251, '1999-10-26', '2015-10-01 02:57:15', 'pmartin@jacquot.com', 'F', 'bourdon.henriette', 0, '$argon2id$v=19$m=65536,t=4,p=1$4yD0D7X7Yi9hg/m3Kaz6mA$wp8B28igsh3A6KeUSw7zuGyMNEgzHFJsVQw/sFPbv3A'),
(252, '1997-08-25', '2016-04-24 14:50:13', 'philippe39@tele2.fr', 'NB', 'dominique26', 1, '$argon2id$v=19$m=65536,t=4,p=1$4yD0D7X7Yi9hg/m3Kaz6mA$wp8B28igsh3A6KeUSw7zuGyMNEgzHFJsVQw/sFPbv3A'),
(253, '1981-04-08', '2020-01-15 12:09:12', 'edouard.grenier@noos.fr', 'F', 'hugues.evrard', 1, '$argon2id$v=19$m=65536,t=4,p=1$4yD0D7X7Yi9hg/m3Kaz6mA$wp8B28igsh3A6KeUSw7zuGyMNEgzHFJsVQw/sFPbv3A'),
(254, '1982-12-19', '2016-10-10 01:36:53', 'mleroy@chartier.fr', 'NB', 'matthieu95', 1, '$argon2id$v=19$m=65536,t=4,p=1$4yD0D7X7Yi9hg/m3Kaz6mA$wp8B28igsh3A6KeUSw7zuGyMNEgzHFJsVQw/sFPbv3A'),
(255, '1984-06-24', '2019-03-18 11:48:00', 'eleonore12@marin.com', 'F', 'emmanuelle59', 0, '$argon2id$v=19$m=65536,t=4,p=1$4yD0D7X7Yi9hg/m3Kaz6mA$wp8B28igsh3A6KeUSw7zuGyMNEgzHFJsVQw/sFPbv3A'),
(256, '1987-05-09', '2021-07-22 09:19:22', 'ifontaine@sfr.fr', 'F', 'aguillon', 1, '$argon2id$v=19$m=65536,t=4,p=1$4yD0D7X7Yi9hg/m3Kaz6mA$wp8B28igsh3A6KeUSw7zuGyMNEgzHFJsVQw/sFPbv3A'),
(257, '1982-05-08', '2020-05-17 09:38:58', 'ibesnard@guyon.com', 'H', 'suzanne.leroux', 1, '$argon2id$v=19$m=65536,t=4,p=1$4yD0D7X7Yi9hg/m3Kaz6mA$wp8B28igsh3A6KeUSw7zuGyMNEgzHFJsVQw/sFPbv3A'),
(258, '1990-09-19', '2021-02-20 03:20:01', 'brobert@bouvier.com', 'NB', 'brun.stephanie', 1, '$argon2id$v=19$m=65536,t=4,p=1$4yD0D7X7Yi9hg/m3Kaz6mA$wp8B28igsh3A6KeUSw7zuGyMNEgzHFJsVQw/sFPbv3A'),
(259, '1996-08-26', '2020-09-26 18:32:09', 'isabelle23@valentin.com', 'H', 'dimbert', 0, '$argon2id$v=19$m=65536,t=4,p=1$4yD0D7X7Yi9hg/m3Kaz6mA$wp8B28igsh3A6KeUSw7zuGyMNEgzHFJsVQw/sFPbv3A'),
(260, '1998-12-21', '2020-10-06 15:30:33', 'theodore.charrier@live.com', 'NR', 'paul.boulay', 1, '$argon2id$v=19$m=65536,t=4,p=1$4yD0D7X7Yi9hg/m3Kaz6mA$wp8B28igsh3A6KeUSw7zuGyMNEgzHFJsVQw/sFPbv3A');
INSERT INTO `account` (`id`, `birth_date`, `created_at`, `email`, `gender`, `name`, `newsletter`, `password`) VALUES
(261, '1998-11-25', '2017-05-15 01:47:47', 'michelle.fleury@guibert.org', 'NB', 'augustin20', 0, '$argon2id$v=19$m=65536,t=4,p=1$4yD0D7X7Yi9hg/m3Kaz6mA$wp8B28igsh3A6KeUSw7zuGyMNEgzHFJsVQw/sFPbv3A'),
(262, '1987-11-18', '2022-08-06 13:44:08', 'susanne.gomes@live.com', 'H', 'meyer.victor', 1, '$argon2id$v=19$m=65536,t=4,p=1$4yD0D7X7Yi9hg/m3Kaz6mA$wp8B28igsh3A6KeUSw7zuGyMNEgzHFJsVQw/sFPbv3A'),
(263, '1983-06-03', '2017-10-30 10:04:50', 'theophile87@laposte.net', 'H', 'nferrand', 0, '$argon2id$v=19$m=65536,t=4,p=1$4yD0D7X7Yi9hg/m3Kaz6mA$wp8B28igsh3A6KeUSw7zuGyMNEgzHFJsVQw/sFPbv3A'),
(264, '1992-10-05', '2022-03-21 11:17:29', 'edith96@samson.org', 'H', 'dfontaine', 1, '$argon2id$v=19$m=65536,t=4,p=1$4yD0D7X7Yi9hg/m3Kaz6mA$wp8B28igsh3A6KeUSw7zuGyMNEgzHFJsVQw/sFPbv3A'),
(265, '1999-10-25', '2020-06-23 10:50:02', 'ines41@ribeiro.com', 'NB', 'isaac67', 0, '$argon2id$v=19$m=65536,t=4,p=1$4yD0D7X7Yi9hg/m3Kaz6mA$wp8B28igsh3A6KeUSw7zuGyMNEgzHFJsVQw/sFPbv3A'),
(266, '1996-12-18', '2015-01-14 19:30:47', 'raynaud.ines@letellier.com', 'F', 'boulay.margot', 0, '$argon2id$v=19$m=65536,t=4,p=1$4yD0D7X7Yi9hg/m3Kaz6mA$wp8B28igsh3A6KeUSw7zuGyMNEgzHFJsVQw/sFPbv3A'),
(267, '1982-09-21', '2018-08-01 10:51:38', 'dominique.colin@dbmail.com', 'NR', 'nicole.martins', 0, '$argon2id$v=19$m=65536,t=4,p=1$4yD0D7X7Yi9hg/m3Kaz6mA$wp8B28igsh3A6KeUSw7zuGyMNEgzHFJsVQw/sFPbv3A'),
(268, '2000-03-06', '2018-02-01 09:19:32', 'theophile.sanchez@dbmail.com', 'H', 'matthieu51', 0, '$argon2id$v=19$m=65536,t=4,p=1$4yD0D7X7Yi9hg/m3Kaz6mA$wp8B28igsh3A6KeUSw7zuGyMNEgzHFJsVQw/sFPbv3A'),
(269, '1980-11-21', '2020-07-12 16:55:15', 'oleroux@perret.fr', 'NR', 'lucas21', 1, '$argon2id$v=19$m=65536,t=4,p=1$4yD0D7X7Yi9hg/m3Kaz6mA$wp8B28igsh3A6KeUSw7zuGyMNEgzHFJsVQw/sFPbv3A'),
(270, '1986-12-18', '2016-11-03 09:31:38', 'louis46@laposte.net', 'NR', 'robert28', 0, '$argon2id$v=19$m=65536,t=4,p=1$4yD0D7X7Yi9hg/m3Kaz6mA$wp8B28igsh3A6KeUSw7zuGyMNEgzHFJsVQw/sFPbv3A'),
(271, '1997-01-05', '2020-07-31 21:23:19', 'marine72@bousquet.com', 'NR', 'timothee52', 0, '$argon2id$v=19$m=65536,t=4,p=1$4yD0D7X7Yi9hg/m3Kaz6mA$wp8B28igsh3A6KeUSw7zuGyMNEgzHFJsVQw/sFPbv3A'),
(272, '1994-11-07', '2015-11-18 08:25:19', 'grenard@gmail.com', 'NR', 'maryse.hoareau', 1, '$argon2id$v=19$m=65536,t=4,p=1$4yD0D7X7Yi9hg/m3Kaz6mA$wp8B28igsh3A6KeUSw7zuGyMNEgzHFJsVQw/sFPbv3A'),
(273, '1993-03-07', '2022-09-29 19:19:39', 'martin.olivier@boulanger.org', 'NR', 'isaac84', 1, '$argon2id$v=19$m=65536,t=4,p=1$4yD0D7X7Yi9hg/m3Kaz6mA$wp8B28igsh3A6KeUSw7zuGyMNEgzHFJsVQw/sFPbv3A'),
(274, '1989-10-20', '2016-10-28 20:07:37', 'brigitte.bourdon@tele2.fr', 'NR', 'tblanchet', 1, '$argon2id$v=19$m=65536,t=4,p=1$4yD0D7X7Yi9hg/m3Kaz6mA$wp8B28igsh3A6KeUSw7zuGyMNEgzHFJsVQw/sFPbv3A'),
(275, '1996-07-15', '2021-05-19 18:16:07', 'ffaivre@hotmail.fr', 'NB', 'arnaude.leblanc', 0, '$argon2id$v=19$m=65536,t=4,p=1$4yD0D7X7Yi9hg/m3Kaz6mA$wp8B28igsh3A6KeUSw7zuGyMNEgzHFJsVQw/sFPbv3A'),
(276, '1995-01-20', '2015-09-21 16:30:29', 'roger.georges@wanadoo.fr', 'F', 'jules.bernard', 0, '$argon2id$v=19$m=65536,t=4,p=1$4yD0D7X7Yi9hg/m3Kaz6mA$wp8B28igsh3A6KeUSw7zuGyMNEgzHFJsVQw/sFPbv3A'),
(277, '1998-09-27', '2019-06-13 17:51:50', 'xvincent@bouvier.com', 'NB', 'blanglois', 0, '$argon2id$v=19$m=65536,t=4,p=1$4yD0D7X7Yi9hg/m3Kaz6mA$wp8B28igsh3A6KeUSw7zuGyMNEgzHFJsVQw/sFPbv3A'),
(278, '1987-04-11', '2015-07-25 01:45:35', 'igimenez@noos.fr', 'F', 'gay.laurence', 0, '$argon2id$v=19$m=65536,t=4,p=1$4yD0D7X7Yi9hg/m3Kaz6mA$wp8B28igsh3A6KeUSw7zuGyMNEgzHFJsVQw/sFPbv3A'),
(279, '1991-08-03', '2021-04-25 05:27:19', 'thibaut.neveu@dbmail.com', 'NR', 'marchand.josette', 1, '$argon2id$v=19$m=65536,t=4,p=1$4yD0D7X7Yi9hg/m3Kaz6mA$wp8B28igsh3A6KeUSw7zuGyMNEgzHFJsVQw/sFPbv3A'),
(280, '2000-12-28', '2015-01-26 11:02:53', 'wbriand@lagarde.com', 'NR', 'henri82', 0, '$argon2id$v=19$m=65536,t=4,p=1$4yD0D7X7Yi9hg/m3Kaz6mA$wp8B28igsh3A6KeUSw7zuGyMNEgzHFJsVQw/sFPbv3A'),
(281, '1988-06-08', '2022-05-17 05:36:15', 'bgaudin@free.fr', 'H', 'honore.mendes', 1, '$argon2id$v=19$m=65536,t=4,p=1$4yD0D7X7Yi9hg/m3Kaz6mA$wp8B28igsh3A6KeUSw7zuGyMNEgzHFJsVQw/sFPbv3A'),
(282, '1991-08-10', '2017-10-03 06:19:56', 'carre.danielle@free.fr', 'F', 'diaz.caroline', 1, '$argon2id$v=19$m=65536,t=4,p=1$4yD0D7X7Yi9hg/m3Kaz6mA$wp8B28igsh3A6KeUSw7zuGyMNEgzHFJsVQw/sFPbv3A'),
(283, '1990-08-03', '2018-05-01 00:38:40', 'wdelahaye@gmail.com', 'H', 'ypierre', 1, '$argon2id$v=19$m=65536,t=4,p=1$4yD0D7X7Yi9hg/m3Kaz6mA$wp8B28igsh3A6KeUSw7zuGyMNEgzHFJsVQw/sFPbv3A'),
(284, '1997-10-24', '2022-06-10 14:20:21', 'michelle.legrand@brunet.fr', 'F', 'voisin.alexandre', 0, '$argon2id$v=19$m=65536,t=4,p=1$4yD0D7X7Yi9hg/m3Kaz6mA$wp8B28igsh3A6KeUSw7zuGyMNEgzHFJsVQw/sFPbv3A'),
(285, '1987-05-07', '2022-04-30 08:10:52', 'jlejeune@sfr.fr', 'H', 'gthierry', 1, '$argon2id$v=19$m=65536,t=4,p=1$4yD0D7X7Yi9hg/m3Kaz6mA$wp8B28igsh3A6KeUSw7zuGyMNEgzHFJsVQw/sFPbv3A'),
(286, '1996-05-29', '2017-10-04 06:39:16', 'rlecoq@cordier.fr', 'H', 'capucine91', 1, '$argon2id$v=19$m=65536,t=4,p=1$4yD0D7X7Yi9hg/m3Kaz6mA$wp8B28igsh3A6KeUSw7zuGyMNEgzHFJsVQw/sFPbv3A'),
(287, '1991-12-23', '2022-05-27 17:16:49', 'pmonnier@roussel.fr', 'H', 'pierre.adrien', 0, '$argon2id$v=19$m=65536,t=4,p=1$4yD0D7X7Yi9hg/m3Kaz6mA$wp8B28igsh3A6KeUSw7zuGyMNEgzHFJsVQw/sFPbv3A'),
(288, '1981-08-03', '2016-05-27 03:22:14', 'dacosta.timothee@orange.fr', 'F', 'sanchez.juliette', 1, '$argon2id$v=19$m=65536,t=4,p=1$4yD0D7X7Yi9hg/m3Kaz6mA$wp8B28igsh3A6KeUSw7zuGyMNEgzHFJsVQw/sFPbv3A'),
(289, '1985-06-17', '2015-09-05 22:19:48', 'ajean@berthelot.fr', 'H', 'fdelannoy', 0, '$argon2id$v=19$m=65536,t=4,p=1$4yD0D7X7Yi9hg/m3Kaz6mA$wp8B28igsh3A6KeUSw7zuGyMNEgzHFJsVQw/sFPbv3A'),
(290, '1997-11-12', '2015-01-21 11:33:39', 'denis99@wanadoo.fr', 'H', 'chevalier.honore', 1, '$argon2id$v=19$m=65536,t=4,p=1$4yD0D7X7Yi9hg/m3Kaz6mA$wp8B28igsh3A6KeUSw7zuGyMNEgzHFJsVQw/sFPbv3A'),
(291, '1997-01-18', '2016-02-02 00:01:12', 'ulombard@dias.fr', 'NB', 'auger.henriette', 1, '$argon2id$v=19$m=65536,t=4,p=1$4yD0D7X7Yi9hg/m3Kaz6mA$wp8B28igsh3A6KeUSw7zuGyMNEgzHFJsVQw/sFPbv3A'),
(292, '1987-12-21', '2018-09-01 07:54:40', 'kpichon@letellier.org', 'H', 'eleonore.poirier', 1, '$argon2id$v=19$m=65536,t=4,p=1$4yD0D7X7Yi9hg/m3Kaz6mA$wp8B28igsh3A6KeUSw7zuGyMNEgzHFJsVQw/sFPbv3A'),
(293, '1989-07-16', '2017-02-23 20:56:53', 'thibault.margaret@masson.com', 'H', 'epons', 1, '$argon2id$v=19$m=65536,t=4,p=1$4yD0D7X7Yi9hg/m3Kaz6mA$wp8B28igsh3A6KeUSw7zuGyMNEgzHFJsVQw/sFPbv3A'),
(294, '1993-04-28', '2017-10-12 01:31:16', 'noemi.marty@dbmail.com', 'H', 'marie.marchand', 1, '$argon2id$v=19$m=65536,t=4,p=1$4yD0D7X7Yi9hg/m3Kaz6mA$wp8B28igsh3A6KeUSw7zuGyMNEgzHFJsVQw/sFPbv3A'),
(295, '1990-12-25', '2022-08-15 17:05:35', 'mbreton@wagner.org', 'NB', 'hlegendre', 0, '$argon2id$v=19$m=65536,t=4,p=1$4yD0D7X7Yi9hg/m3Kaz6mA$wp8B28igsh3A6KeUSw7zuGyMNEgzHFJsVQw/sFPbv3A'),
(296, '1998-01-09', '2017-09-07 20:49:46', 'denis.chevalier@dufour.com', 'H', 'julien.leleu', 0, '$argon2id$v=19$m=65536,t=4,p=1$4yD0D7X7Yi9hg/m3Kaz6mA$wp8B28igsh3A6KeUSw7zuGyMNEgzHFJsVQw/sFPbv3A'),
(297, '1995-10-21', '2015-09-12 00:36:07', 'normand.alexandrie@laposte.net', 'F', 'anastasie.rodriguez', 1, '$argon2id$v=19$m=65536,t=4,p=1$4yD0D7X7Yi9hg/m3Kaz6mA$wp8B28igsh3A6KeUSw7zuGyMNEgzHFJsVQw/sFPbv3A'),
(298, '1994-02-03', '2017-05-09 19:17:26', 'audrey64@munoz.com', 'NB', 'christelle25', 0, '$argon2id$v=19$m=65536,t=4,p=1$4yD0D7X7Yi9hg/m3Kaz6mA$wp8B28igsh3A6KeUSw7zuGyMNEgzHFJsVQw/sFPbv3A'),
(299, '1990-02-17', '2016-04-23 03:33:25', 'auger.thierry@dbmail.com', 'NB', 'dvallee', 0, '$argon2id$v=19$m=65536,t=4,p=1$4yD0D7X7Yi9hg/m3Kaz6mA$wp8B28igsh3A6KeUSw7zuGyMNEgzHFJsVQw/sFPbv3A'),
(300, '1996-07-25', '2018-06-27 19:55:46', 'anais97@blanc.net', 'F', 'guilbert.eugene', 0, '$argon2id$v=19$m=65536,t=4,p=1$4yD0D7X7Yi9hg/m3Kaz6mA$wp8B28igsh3A6KeUSw7zuGyMNEgzHFJsVQw/sFPbv3A');

--
-- Déclencheurs `account`
--
DROP TRIGGER IF EXISTS `new_user`;
DELIMITER $$
CREATE TRIGGER `new_user` BEFORE INSERT ON `account` FOR EACH ROW BEGIN
        SET NEW.created_at = NOW();
	    INSERT INTO account_subscription VALUES(NULL,NEW.id,1,NOW(),NULL);
    END
$$
DELIMITER ;

-- --------------------------------------------------------

--
-- Structure de la table `account_like_playlist`
--

DROP TABLE IF EXISTS `account_like_playlist`;
CREATE TABLE IF NOT EXISTS `account_like_playlist` (
  `account_id` int(11) NOT NULL,
  `playlist_id` int(11) NOT NULL,
  PRIMARY KEY (`account_id`,`playlist_id`),
  KEY `IDX_EA90D1A69B6B5FBA` (`account_id`),
  KEY `IDX_EA90D1A66BBD148` (`playlist_id`)
) ENGINE=InnoDB;

--
-- Déchargement des données de la table `account_like_playlist`
--

INSERT INTO `account_like_playlist` (`account_id`, `playlist_id`) VALUES
(1, 9),
(1, 11),
(1, 181),
(2, 14),
(2, 24),
(2, 105),
(2, 106),
(2, 163),
(2, 188),
(2, 193),
(3, 35),
(3, 46),
(3, 60),
(3, 80),
(3, 95),
(3, 97),
(3, 100),
(3, 101),
(3, 114),
(3, 141),
(3, 172),
(4, 1),
(4, 16),
(4, 22),
(4, 36),
(4, 67),
(4, 80),
(4, 99),
(4, 110),
(4, 112),
(4, 123),
(4, 137),
(4, 182),
(4, 188),
(4, 195),
(5, 4),
(5, 46),
(5, 49),
(5, 53),
(5, 84),
(5, 105),
(5, 186),
(6, 1),
(6, 7),
(6, 63),
(6, 136),
(6, 153),
(6, 176),
(7, 2),
(7, 18),
(7, 21),
(7, 37),
(7, 73),
(7, 86),
(7, 115),
(7, 135),
(7, 147),
(7, 198),
(7, 199),
(7, 200),
(8, 115),
(8, 128),
(8, 193),
(8, 198),
(9, 68),
(9, 98),
(9, 135),
(10, 4),
(10, 6),
(10, 8),
(10, 16),
(10, 34),
(10, 49),
(10, 70),
(10, 82),
(10, 90),
(10, 97),
(10, 114),
(10, 116),
(10, 123),
(10, 134),
(10, 141),
(10, 159),
(10, 162),
(10, 199),
(11, 16),
(11, 18),
(11, 72),
(11, 78),
(11, 91),
(11, 100),
(11, 105),
(11, 108),
(11, 119),
(11, 121),
(11, 137),
(11, 147),
(11, 187),
(11, 194),
(12, 44),
(12, 93),
(12, 100),
(12, 132),
(13, 6),
(13, 50),
(13, 70),
(13, 93),
(13, 94),
(13, 108),
(13, 125),
(13, 161),
(14, 2),
(14, 18),
(14, 31),
(14, 66),
(14, 74),
(14, 135),
(14, 146),
(14, 155),
(14, 171),
(15, 18),
(15, 31),
(15, 38),
(15, 69),
(15, 92),
(15, 159),
(15, 161),
(15, 182),
(15, 193),
(16, 46),
(16, 51),
(16, 59),
(16, 126),
(16, 172),
(17, 4),
(17, 26),
(17, 116),
(17, 120),
(17, 151),
(19, 181),
(20, 35),
(20, 78),
(20, 135),
(21, 44),
(21, 48),
(21, 73),
(21, 76),
(21, 125),
(21, 159),
(21, 163),
(21, 197),
(22, 42),
(22, 50),
(22, 75),
(22, 89),
(22, 93),
(22, 112),
(22, 135),
(22, 138),
(22, 154),
(22, 161),
(22, 178),
(22, 182),
(22, 192),
(23, 142),
(23, 195),
(24, 10),
(24, 17),
(24, 31),
(24, 52),
(24, 93),
(24, 157),
(24, 164),
(25, 9),
(25, 34),
(25, 89),
(25, 101),
(25, 186),
(26, 20),
(26, 21),
(26, 46),
(26, 56),
(26, 76),
(26, 100),
(26, 113),
(26, 133),
(26, 151),
(26, 155),
(26, 156),
(26, 163),
(27, 43),
(27, 74),
(27, 86),
(27, 138),
(27, 172),
(27, 185),
(28, 4),
(28, 5),
(28, 23),
(28, 39),
(28, 74),
(28, 98),
(28, 106),
(28, 126),
(28, 131),
(28, 135),
(28, 157),
(28, 177),
(28, 180),
(28, 181),
(28, 194),
(28, 199),
(29, 5),
(29, 37),
(29, 50),
(29, 54),
(29, 71),
(29, 104),
(29, 107),
(29, 114),
(29, 115),
(29, 128),
(29, 134),
(29, 142),
(29, 185),
(30, 60),
(30, 78),
(30, 112),
(30, 120),
(30, 127),
(30, 135),
(30, 179),
(30, 180),
(30, 193),
(30, 199),
(31, 11),
(31, 47),
(31, 89),
(31, 103),
(31, 139),
(31, 176),
(31, 190),
(32, 5),
(32, 14),
(32, 31),
(32, 41),
(32, 43),
(32, 46),
(32, 47),
(32, 106),
(32, 108),
(32, 113),
(32, 131),
(32, 138),
(32, 139),
(32, 144),
(32, 167),
(32, 188),
(33, 19),
(33, 37),
(33, 54),
(33, 70),
(33, 79),
(33, 112),
(33, 124),
(33, 140),
(33, 151),
(33, 160),
(33, 175),
(34, 2),
(34, 21),
(34, 35),
(34, 45),
(34, 48),
(34, 49),
(34, 53),
(34, 59),
(34, 69),
(34, 76),
(34, 77),
(34, 82),
(34, 95),
(34, 106),
(34, 107),
(34, 187),
(34, 188),
(34, 199),
(35, 9),
(36, 12),
(36, 25),
(36, 69),
(36, 119),
(36, 146),
(36, 162),
(38, 35),
(38, 98),
(38, 104),
(38, 112),
(38, 127),
(38, 147),
(38, 156),
(38, 161),
(38, 174),
(38, 185),
(39, 74),
(39, 113),
(39, 150),
(39, 163),
(40, 173),
(41, 31),
(41, 32),
(41, 59),
(41, 62),
(41, 63),
(41, 96),
(41, 101),
(41, 127),
(41, 144),
(41, 160),
(41, 195),
(41, 197),
(42, 14),
(42, 38),
(42, 43),
(42, 57),
(42, 63),
(42, 64),
(42, 86),
(42, 94),
(42, 97),
(42, 98),
(42, 109),
(42, 123),
(42, 126),
(42, 134),
(42, 175),
(44, 57),
(44, 138),
(45, 64),
(45, 95),
(45, 157),
(46, 68),
(46, 76),
(46, 95),
(46, 113),
(46, 134),
(46, 181),
(46, 196),
(47, 59),
(48, 53),
(48, 71),
(48, 92),
(48, 104),
(48, 107),
(48, 129),
(49, 29),
(49, 32),
(49, 43),
(49, 53),
(49, 84),
(49, 87),
(49, 107),
(49, 115),
(49, 119),
(49, 127),
(49, 160),
(49, 170),
(49, 171),
(49, 184),
(49, 185),
(50, 65),
(50, 91),
(50, 95),
(50, 107),
(50, 108),
(50, 126),
(50, 142),
(50, 184),
(50, 197),
(51, 82),
(51, 156),
(51, 162),
(51, 174),
(52, 2),
(52, 9),
(52, 38),
(52, 40),
(52, 68),
(52, 74),
(52, 76),
(52, 88),
(52, 89),
(52, 93),
(52, 114),
(52, 145),
(52, 160),
(52, 164),
(52, 165),
(52, 174),
(52, 178),
(52, 187),
(52, 195),
(53, 50),
(53, 64),
(53, 78),
(53, 86),
(53, 164),
(53, 167),
(53, 172),
(54, 9),
(54, 34),
(54, 76),
(54, 84),
(54, 99),
(54, 123),
(54, 164),
(54, 174),
(54, 181),
(54, 188),
(55, 4),
(55, 6),
(55, 12),
(55, 15),
(55, 32),
(55, 42),
(55, 53),
(55, 85),
(55, 91),
(55, 106),
(55, 115),
(55, 126),
(55, 135),
(56, 2),
(56, 30),
(56, 65),
(56, 96),
(56, 153),
(57, 1),
(57, 2),
(57, 12),
(57, 25),
(57, 57),
(57, 65),
(57, 113),
(57, 126),
(57, 129),
(57, 145),
(57, 172),
(57, 193),
(58, 40),
(58, 53),
(58, 74),
(58, 94),
(58, 109),
(58, 112),
(58, 128),
(58, 182),
(59, 32),
(59, 40),
(59, 48),
(59, 74),
(59, 75),
(59, 77),
(59, 94),
(59, 126),
(59, 152),
(59, 159),
(59, 181),
(60, 12),
(60, 38),
(60, 39),
(60, 61),
(60, 64),
(60, 73),
(60, 84),
(60, 88),
(60, 89),
(60, 101),
(60, 102),
(60, 115),
(60, 123),
(60, 131),
(60, 135),
(60, 161),
(60, 163),
(60, 166),
(61, 36),
(61, 53),
(61, 65),
(61, 108),
(61, 138),
(62, 30),
(62, 50),
(62, 58),
(62, 91),
(62, 102),
(62, 105),
(62, 114),
(62, 123),
(62, 130),
(63, 1),
(63, 4),
(63, 32),
(63, 114),
(63, 131),
(63, 152),
(63, 178),
(64, 35),
(64, 57),
(64, 71),
(64, 81),
(64, 86),
(64, 99),
(64, 103),
(64, 105),
(64, 117),
(64, 121),
(64, 136),
(64, 141),
(64, 146),
(64, 151),
(64, 156),
(64, 170),
(65, 28),
(65, 37),
(65, 73),
(65, 130),
(65, 145),
(65, 148),
(65, 165),
(65, 194),
(66, 4),
(66, 31),
(66, 110),
(66, 114),
(67, 178),
(68, 5),
(68, 7),
(68, 8),
(68, 46),
(68, 85),
(68, 101),
(68, 147),
(68, 151),
(68, 154),
(68, 160),
(68, 161),
(68, 195),
(69, 64),
(70, 20),
(70, 30),
(70, 58),
(70, 63),
(70, 67),
(70, 70),
(70, 73),
(70, 76),
(70, 100),
(70, 101),
(70, 139),
(70, 161),
(70, 164),
(70, 169),
(70, 172),
(70, 184),
(70, 200),
(71, 2),
(71, 6),
(71, 19),
(71, 40),
(71, 44),
(71, 47),
(71, 53),
(71, 80),
(71, 92),
(71, 118),
(71, 120),
(71, 129),
(71, 166),
(71, 181),
(71, 191),
(72, 27),
(72, 40),
(72, 47),
(72, 56),
(72, 81),
(72, 117),
(72, 131),
(72, 146),
(72, 148),
(72, 185),
(72, 199),
(73, 40),
(73, 61),
(73, 64),
(73, 68),
(73, 79),
(73, 96),
(73, 100),
(73, 104),
(73, 111),
(73, 112),
(73, 114),
(73, 152),
(73, 153),
(73, 154),
(73, 156),
(73, 160),
(73, 163),
(73, 185),
(73, 199),
(74, 8),
(74, 48),
(74, 50),
(74, 57),
(74, 71),
(74, 77),
(74, 110),
(74, 139),
(74, 167),
(74, 184),
(75, 23),
(75, 46),
(75, 196),
(76, 53),
(76, 62),
(76, 73),
(76, 102),
(76, 120),
(76, 152),
(76, 162),
(77, 9),
(77, 77),
(77, 84),
(77, 86),
(77, 87),
(77, 89),
(77, 94),
(77, 139),
(77, 145),
(77, 146),
(77, 171),
(77, 180),
(77, 198),
(78, 19),
(78, 20),
(78, 22),
(78, 25),
(78, 38),
(78, 72),
(78, 75),
(78, 90),
(78, 103),
(78, 114),
(78, 123),
(78, 148),
(78, 153),
(78, 155),
(78, 193),
(79, 23),
(79, 28),
(79, 64),
(79, 101),
(79, 111),
(79, 187),
(79, 197),
(80, 9),
(80, 29),
(80, 44),
(80, 92),
(80, 97),
(80, 108),
(80, 112),
(80, 122),
(80, 126),
(80, 139),
(80, 146),
(80, 165),
(80, 169),
(81, 132),
(81, 179),
(82, 101),
(83, 4),
(83, 17),
(83, 30),
(83, 34),
(83, 82),
(83, 90),
(83, 127),
(83, 132),
(83, 188),
(84, 130),
(84, 179),
(84, 193),
(85, 10),
(85, 15),
(85, 25),
(85, 50),
(85, 99),
(85, 131),
(85, 151),
(85, 184),
(85, 190),
(85, 199),
(86, 4),
(86, 5),
(86, 9),
(86, 15),
(86, 21),
(86, 37),
(86, 50),
(86, 85),
(86, 87),
(86, 102),
(86, 151),
(87, 6),
(87, 34),
(87, 51),
(87, 61),
(87, 65),
(87, 80),
(87, 98),
(87, 101),
(87, 141),
(87, 159),
(87, 160),
(87, 169),
(87, 176),
(87, 198),
(88, 7),
(88, 97),
(88, 111),
(88, 143),
(88, 154),
(88, 192),
(89, 6),
(89, 35),
(89, 59),
(89, 116),
(89, 124),
(89, 141),
(89, 160),
(89, 170),
(89, 178),
(89, 186),
(90, 63),
(90, 93),
(90, 123),
(90, 142),
(90, 172),
(90, 189),
(90, 194),
(91, 25),
(91, 33),
(91, 49),
(91, 56),
(91, 64),
(91, 87),
(91, 109),
(91, 138),
(91, 140),
(91, 148),
(91, 151),
(91, 172),
(91, 193),
(91, 195),
(92, 103),
(92, 106),
(92, 134),
(92, 141),
(92, 187),
(93, 19),
(93, 47),
(93, 55),
(93, 57),
(93, 71),
(93, 113),
(93, 131),
(93, 139),
(93, 154),
(94, 2),
(94, 85),
(94, 99),
(94, 189),
(95, 8),
(95, 110),
(95, 160),
(95, 168),
(96, 1),
(96, 21),
(96, 39),
(96, 55),
(96, 63),
(96, 69),
(96, 99),
(96, 118),
(96, 124),
(96, 164),
(96, 176),
(96, 200),
(97, 8),
(97, 10),
(97, 11),
(97, 35),
(97, 43),
(97, 76),
(97, 93),
(97, 98),
(98, 188),
(99, 8),
(99, 14),
(99, 35),
(99, 46),
(99, 50),
(99, 52),
(99, 98),
(99, 118),
(99, 147),
(99, 148),
(99, 154),
(99, 166),
(99, 177),
(99, 188),
(100, 6),
(100, 9),
(100, 12),
(100, 41),
(100, 64),
(100, 67),
(100, 93),
(100, 100),
(100, 115),
(100, 124),
(100, 143),
(100, 177),
(100, 185),
(100, 186),
(100, 192),
(101, 6),
(101, 12),
(101, 18),
(101, 36),
(101, 47),
(101, 49),
(101, 59),
(101, 77),
(101, 82),
(101, 112),
(101, 122),
(101, 124),
(101, 129),
(101, 136),
(101, 147),
(101, 161),
(101, 174),
(101, 184),
(101, 189),
(102, 10),
(102, 28),
(102, 33),
(102, 42),
(102, 44),
(102, 52),
(102, 65),
(102, 67),
(102, 74),
(102, 86),
(102, 134),
(103, 71),
(103, 80),
(103, 123),
(103, 131),
(103, 136),
(103, 139),
(103, 149),
(103, 191),
(104, 56),
(104, 70),
(104, 106),
(104, 119),
(104, 124),
(104, 143),
(104, 169),
(105, 94),
(105, 103),
(106, 110),
(106, 164),
(106, 180),
(107, 19),
(107, 39),
(107, 87),
(107, 138),
(107, 142),
(107, 153),
(107, 163),
(107, 168),
(107, 189),
(107, 190),
(108, 66),
(108, 126),
(108, 128),
(108, 141),
(108, 151),
(108, 190),
(109, 10),
(109, 35),
(109, 39),
(109, 63),
(109, 64),
(109, 110),
(109, 113),
(109, 116),
(109, 121),
(109, 126),
(109, 145),
(109, 147),
(109, 151),
(109, 152),
(109, 164),
(109, 173),
(109, 184),
(109, 200),
(111, 36),
(111, 48),
(111, 72),
(111, 109),
(111, 125),
(111, 135),
(111, 143),
(111, 145),
(111, 192),
(112, 1),
(112, 7),
(112, 21),
(112, 33),
(112, 54),
(112, 62),
(112, 66),
(112, 78),
(112, 93),
(112, 94),
(112, 99),
(112, 118),
(112, 120),
(112, 165),
(112, 177),
(112, 187),
(112, 188),
(112, 199),
(113, 18),
(113, 26),
(113, 35),
(113, 43),
(113, 48),
(113, 76),
(113, 82),
(113, 101),
(113, 117),
(113, 158),
(114, 10),
(114, 14),
(114, 122),
(114, 129),
(114, 189),
(115, 49),
(115, 132),
(115, 147),
(116, 49),
(116, 53),
(116, 147),
(117, 49),
(117, 93),
(117, 119),
(117, 166),
(117, 179),
(118, 20),
(118, 26),
(118, 48),
(118, 78),
(118, 86),
(119, 5),
(119, 9),
(119, 17),
(119, 24),
(119, 83),
(119, 132),
(120, 43),
(120, 59),
(120, 68),
(120, 144),
(120, 147),
(120, 155),
(120, 171),
(120, 177),
(120, 199),
(121, 50),
(121, 53),
(121, 106),
(121, 135),
(121, 157),
(121, 196),
(122, 4),
(122, 7),
(122, 57),
(122, 59),
(122, 91),
(122, 104),
(122, 156),
(122, 160),
(122, 168),
(122, 169),
(122, 191),
(123, 3),
(123, 15),
(123, 42),
(123, 47),
(123, 50),
(123, 84),
(123, 96),
(123, 99),
(123, 112),
(123, 117),
(123, 139),
(123, 146),
(123, 151),
(123, 161),
(123, 163),
(123, 173),
(123, 183),
(124, 13),
(124, 19),
(124, 31),
(124, 46),
(124, 53),
(124, 99),
(124, 109),
(124, 110),
(124, 119),
(124, 121),
(124, 158),
(124, 160),
(124, 163),
(124, 174),
(124, 175),
(124, 185),
(124, 188),
(125, 69),
(125, 159),
(125, 176),
(126, 26),
(126, 32),
(126, 47),
(126, 56),
(126, 116),
(126, 185),
(127, 16),
(127, 42),
(127, 48),
(127, 51),
(127, 58),
(127, 64),
(127, 96),
(127, 99),
(127, 148),
(127, 149),
(127, 161),
(128, 6),
(128, 61),
(129, 12),
(129, 14),
(129, 18),
(129, 57),
(129, 85),
(129, 90),
(129, 104),
(129, 120),
(129, 175),
(130, 18),
(130, 46),
(130, 47),
(130, 54),
(130, 83),
(130, 87),
(130, 139),
(130, 142),
(130, 158),
(130, 159),
(130, 160),
(130, 161),
(130, 164),
(130, 194),
(130, 198),
(131, 10),
(131, 20),
(131, 26),
(131, 44),
(131, 55),
(131, 65),
(131, 78),
(131, 108),
(131, 113),
(131, 115),
(131, 116),
(131, 185),
(131, 188),
(131, 194),
(132, 10),
(132, 24),
(132, 28),
(132, 45),
(132, 101),
(132, 104),
(132, 123),
(132, 125),
(132, 130),
(132, 147),
(132, 158),
(132, 176),
(132, 189),
(132, 199),
(133, 11),
(133, 16),
(133, 21),
(133, 39),
(133, 45),
(133, 55),
(133, 59),
(133, 99),
(133, 100),
(133, 102),
(133, 106),
(133, 132),
(133, 140),
(133, 146),
(133, 149),
(133, 189),
(134, 7),
(134, 48),
(134, 56),
(134, 103),
(134, 108),
(134, 141),
(134, 155),
(134, 189),
(134, 194),
(135, 7),
(135, 8),
(135, 23),
(135, 28),
(135, 37),
(135, 60),
(135, 81),
(135, 126),
(135, 136),
(135, 143),
(135, 148),
(135, 157),
(136, 68),
(136, 74),
(137, 24),
(137, 49),
(137, 60),
(137, 70),
(137, 71),
(137, 101),
(137, 107),
(137, 122),
(137, 154),
(137, 190),
(138, 66),
(138, 126),
(138, 169),
(138, 195),
(139, 62),
(139, 83),
(139, 92),
(139, 103),
(139, 147),
(139, 196),
(140, 22),
(140, 31),
(140, 33),
(140, 48),
(140, 136),
(140, 151),
(140, 183),
(141, 1),
(141, 21),
(141, 49),
(141, 80),
(141, 93),
(141, 120),
(141, 162),
(141, 164),
(141, 192),
(142, 57),
(142, 98),
(142, 126),
(142, 148),
(143, 7),
(143, 38),
(143, 53),
(143, 56),
(143, 65),
(143, 78),
(143, 80),
(143, 82),
(143, 84),
(143, 101),
(143, 121),
(143, 137),
(143, 142),
(143, 148),
(143, 149),
(143, 155),
(143, 157),
(143, 169),
(143, 180),
(143, 181),
(144, 52),
(145, 3),
(145, 16),
(145, 18),
(145, 21),
(145, 54),
(145, 117),
(145, 120),
(145, 167),
(145, 168),
(145, 170),
(145, 185),
(146, 46),
(146, 66),
(146, 108),
(146, 117),
(146, 121),
(146, 149),
(146, 159),
(147, 9),
(147, 33),
(147, 58),
(147, 68),
(147, 70),
(147, 150),
(147, 153),
(147, 154),
(147, 183),
(147, 189),
(147, 191),
(147, 196),
(148, 11),
(148, 21),
(148, 23),
(148, 35),
(148, 44),
(148, 71),
(148, 78),
(148, 85),
(148, 95),
(148, 96),
(148, 125),
(148, 139),
(148, 152),
(148, 183),
(148, 199),
(149, 7),
(149, 14),
(149, 30),
(149, 47),
(149, 61),
(149, 68),
(149, 71),
(149, 74),
(149, 76),
(149, 89),
(149, 96),
(149, 114),
(149, 122),
(149, 133),
(149, 156),
(149, 158),
(149, 182),
(150, 18),
(150, 27),
(150, 39),
(150, 45),
(150, 47),
(150, 61),
(150, 84),
(150, 98),
(150, 115),
(150, 153),
(150, 154),
(150, 158),
(150, 162),
(151, 31),
(151, 68),
(151, 76),
(151, 78),
(151, 93),
(151, 137),
(151, 199),
(152, 19),
(152, 56),
(152, 61),
(152, 124),
(153, 6),
(153, 27),
(153, 34),
(153, 36),
(153, 72),
(153, 83),
(153, 91),
(153, 92),
(153, 110),
(153, 174),
(153, 190),
(154, 10),
(154, 16),
(154, 22),
(154, 64),
(154, 91),
(154, 94),
(154, 108),
(154, 113),
(154, 142),
(154, 163),
(154, 167),
(154, 184),
(154, 193),
(155, 11),
(155, 15),
(155, 25),
(155, 46),
(155, 60),
(155, 74),
(155, 122),
(155, 124),
(155, 141),
(155, 143),
(155, 154),
(155, 177),
(155, 178),
(155, 196),
(156, 3),
(156, 32),
(156, 54),
(156, 73),
(156, 80),
(156, 135),
(156, 145),
(156, 150),
(156, 181),
(157, 9),
(157, 34),
(157, 36),
(157, 86),
(157, 109),
(157, 157),
(157, 159),
(157, 169),
(158, 101),
(158, 160),
(158, 181),
(158, 188),
(159, 47),
(159, 72),
(159, 107),
(159, 127),
(159, 145),
(159, 179),
(159, 182),
(160, 4),
(160, 36),
(160, 40),
(160, 76),
(160, 86),
(160, 101),
(161, 2),
(161, 5),
(161, 6),
(161, 20),
(161, 90),
(161, 122),
(161, 125),
(161, 153),
(161, 163),
(161, 184),
(162, 65),
(162, 80),
(162, 136),
(162, 146),
(162, 196),
(163, 11),
(163, 39),
(163, 52),
(163, 63),
(163, 72),
(163, 76),
(163, 77),
(163, 114),
(163, 131),
(163, 143),
(163, 149),
(163, 197),
(164, 2),
(164, 26),
(164, 45),
(164, 52),
(164, 83),
(164, 101),
(164, 111),
(164, 121),
(164, 130),
(164, 152),
(165, 1),
(165, 14),
(165, 20),
(165, 35),
(165, 49),
(165, 51),
(165, 63),
(165, 94),
(165, 98),
(165, 109),
(165, 143),
(165, 168),
(165, 180),
(165, 193),
(165, 198),
(166, 8),
(166, 36),
(166, 64),
(166, 92),
(166, 135),
(166, 143),
(166, 147),
(166, 178),
(167, 78),
(167, 84),
(167, 138),
(168, 7),
(168, 9),
(168, 16),
(168, 17),
(168, 34),
(168, 49),
(168, 56),
(168, 78),
(168, 94),
(168, 114),
(168, 126),
(168, 128),
(168, 150),
(168, 167),
(168, 173),
(168, 174),
(169, 106),
(170, 17),
(170, 25),
(170, 80),
(170, 102),
(170, 134),
(170, 140),
(170, 160),
(171, 4),
(171, 47),
(171, 142),
(172, 58),
(172, 77),
(172, 97),
(172, 101),
(172, 116),
(172, 139),
(172, 158),
(172, 197),
(173, 9),
(173, 10),
(173, 56),
(173, 58),
(173, 59),
(173, 81),
(173, 99),
(173, 108),
(173, 133),
(173, 136),
(173, 141),
(173, 153),
(173, 175),
(174, 17),
(174, 106),
(174, 113),
(175, 18),
(175, 34),
(175, 36),
(175, 45),
(175, 51),
(175, 58),
(175, 86),
(175, 87),
(175, 91),
(175, 125),
(175, 143),
(175, 156),
(175, 173),
(175, 193),
(176, 12),
(176, 50),
(176, 94),
(176, 121),
(176, 143),
(176, 160),
(176, 196),
(177, 169),
(179, 5),
(179, 10),
(179, 11),
(179, 41),
(179, 44),
(179, 62),
(179, 75),
(179, 85),
(179, 96),
(179, 154),
(179, 184),
(179, 187),
(180, 65),
(180, 70),
(180, 82),
(180, 102),
(180, 110),
(180, 127),
(180, 163),
(180, 185),
(180, 189),
(182, 2),
(182, 22),
(182, 50),
(182, 79),
(182, 93),
(182, 97),
(182, 109),
(182, 133),
(182, 180),
(182, 184),
(183, 8),
(183, 47),
(183, 75),
(183, 91),
(183, 107),
(183, 124),
(183, 182),
(185, 10),
(185, 20),
(185, 38),
(185, 40),
(185, 48),
(185, 51),
(185, 53),
(185, 82),
(185, 89),
(185, 141),
(185, 168),
(186, 4),
(186, 24),
(186, 33),
(186, 83),
(186, 87),
(186, 96),
(186, 121),
(186, 145),
(186, 152),
(186, 188),
(187, 5),
(187, 25),
(187, 45),
(187, 67),
(187, 79),
(187, 84),
(187, 111),
(187, 135),
(187, 145),
(187, 165),
(187, 187),
(188, 63),
(188, 76),
(188, 147),
(188, 165),
(188, 173),
(188, 181),
(189, 8),
(189, 11),
(189, 120),
(189, 155),
(190, 36),
(190, 39),
(190, 67),
(190, 83),
(190, 87),
(190, 92),
(190, 153),
(190, 176),
(190, 186),
(190, 189),
(190, 195),
(191, 46),
(191, 70),
(191, 71),
(191, 101),
(192, 5),
(192, 42),
(192, 48),
(192, 51),
(192, 154),
(192, 195),
(193, 34),
(193, 159),
(193, 192),
(194, 7),
(194, 33),
(194, 84),
(194, 152),
(195, 16),
(195, 34),
(195, 50),
(195, 58),
(195, 71),
(195, 81),
(195, 83),
(195, 103),
(195, 106),
(195, 114),
(195, 120),
(195, 129),
(195, 137),
(195, 145),
(195, 185),
(197, 6),
(197, 60),
(197, 107),
(197, 125),
(197, 127),
(197, 144),
(197, 199),
(198, 22),
(198, 24),
(198, 51),
(198, 53),
(198, 56),
(198, 61),
(198, 67),
(198, 97),
(198, 133),
(198, 143),
(198, 156),
(198, 157),
(198, 161),
(198, 185),
(199, 25),
(199, 94),
(199, 132),
(199, 138),
(199, 187),
(199, 198),
(200, 2),
(200, 18),
(200, 29),
(200, 30),
(200, 34),
(200, 38),
(200, 44),
(200, 61),
(200, 69),
(200, 90),
(200, 98),
(200, 114),
(200, 118),
(200, 120),
(200, 133),
(200, 139),
(200, 154),
(200, 172),
(200, 187),
(200, 196),
(201, 1),
(201, 8),
(201, 39),
(201, 49),
(201, 65),
(201, 68),
(201, 122),
(201, 146),
(201, 150),
(201, 165),
(202, 8),
(202, 21),
(202, 74),
(202, 101),
(202, 149),
(202, 156),
(202, 167),
(202, 168),
(203, 20),
(203, 24),
(203, 27),
(203, 35),
(203, 42),
(203, 59),
(203, 60),
(203, 61),
(203, 72),
(203, 88),
(203, 91),
(203, 97),
(203, 104),
(203, 136),
(203, 154),
(204, 19),
(204, 30),
(204, 97),
(204, 181),
(205, 23),
(205, 25),
(205, 57),
(205, 64),
(205, 69),
(205, 103),
(205, 111),
(205, 135),
(205, 138),
(205, 159),
(205, 169),
(205, 179),
(205, 190),
(206, 4),
(206, 40),
(206, 56),
(206, 70),
(206, 78),
(206, 112),
(206, 119),
(206, 139),
(206, 171),
(207, 50),
(207, 112),
(207, 164),
(208, 71),
(208, 82),
(208, 183),
(208, 199),
(209, 21),
(209, 51),
(209, 71),
(209, 115),
(210, 39),
(210, 128),
(210, 176),
(211, 13),
(211, 82),
(211, 86),
(211, 121),
(211, 140),
(211, 172),
(213, 2),
(213, 46),
(213, 78),
(215, 7),
(215, 50),
(215, 91),
(215, 176),
(215, 190),
(215, 192),
(216, 17),
(216, 52),
(217, 38),
(217, 57),
(217, 72),
(217, 185),
(217, 186),
(217, 199),
(218, 22),
(218, 32),
(218, 63),
(218, 172),
(218, 183),
(219, 36),
(219, 42),
(219, 136),
(219, 143),
(220, 25),
(220, 52),
(220, 60),
(220, 116),
(220, 150),
(220, 152),
(220, 168),
(221, 2),
(221, 3),
(221, 24),
(221, 117),
(221, 194),
(222, 24),
(222, 73),
(222, 101),
(222, 136),
(222, 137),
(222, 142),
(223, 55),
(223, 110),
(223, 122),
(223, 123),
(223, 181),
(224, 14),
(224, 28),
(224, 41),
(224, 49),
(224, 73),
(224, 84),
(224, 151),
(225, 27),
(225, 41),
(225, 48),
(225, 86),
(225, 87),
(225, 97),
(225, 106),
(225, 133),
(225, 139),
(225, 171),
(225, 178),
(225, 182),
(225, 199),
(226, 2),
(226, 14),
(226, 20),
(226, 21),
(226, 70),
(226, 96),
(226, 172),
(226, 181),
(226, 183),
(226, 198),
(227, 41),
(227, 49),
(227, 72),
(227, 83),
(227, 182),
(228, 122),
(228, 163),
(228, 164),
(229, 6),
(229, 11),
(229, 24),
(229, 54),
(229, 58),
(229, 65),
(229, 70),
(229, 106),
(229, 124),
(229, 131),
(229, 132),
(229, 147),
(229, 152),
(229, 164),
(229, 197),
(230, 32),
(230, 43),
(231, 4),
(231, 22),
(231, 39),
(231, 46),
(231, 50),
(231, 125),
(231, 143),
(231, 177),
(231, 186),
(232, 11),
(232, 20),
(232, 43),
(232, 107),
(232, 128),
(232, 151),
(232, 156),
(232, 164),
(232, 198),
(233, 84),
(234, 68),
(234, 70),
(234, 98),
(234, 150),
(234, 188),
(235, 133),
(236, 28),
(236, 30),
(236, 32),
(236, 40),
(236, 47),
(236, 81),
(236, 110),
(236, 120),
(236, 123),
(236, 152),
(236, 194),
(237, 28),
(237, 73),
(237, 92),
(237, 110),
(237, 196),
(238, 20),
(238, 23),
(238, 34),
(238, 41),
(238, 59),
(238, 66),
(238, 76),
(238, 85),
(238, 87),
(238, 99),
(238, 120),
(238, 141),
(238, 169),
(238, 191),
(239, 98),
(239, 128),
(239, 135),
(239, 185),
(240, 11),
(240, 46),
(240, 47),
(240, 77),
(240, 96),
(240, 103),
(240, 140),
(240, 164),
(241, 185),
(241, 197),
(242, 4),
(242, 17),
(242, 34),
(242, 35),
(242, 66),
(242, 99),
(242, 115),
(242, 117),
(242, 166),
(243, 11),
(243, 91),
(243, 93),
(243, 150),
(243, 161),
(244, 7),
(244, 12),
(244, 119),
(244, 179),
(245, 17),
(245, 23),
(245, 34),
(245, 36),
(245, 67),
(245, 119),
(245, 125),
(245, 126),
(245, 144),
(245, 147),
(245, 149),
(245, 192),
(246, 14),
(246, 32),
(246, 56),
(246, 92),
(246, 99),
(246, 102),
(246, 141),
(246, 154),
(247, 4),
(247, 13),
(247, 14),
(247, 21),
(247, 43),
(247, 51),
(247, 54),
(247, 85),
(247, 111),
(247, 124),
(247, 129),
(247, 136),
(247, 143),
(247, 147),
(247, 152),
(247, 167),
(247, 188),
(248, 23),
(248, 42),
(248, 106),
(248, 154),
(249, 54),
(249, 129),
(250, 17),
(250, 26),
(250, 38),
(250, 50),
(250, 81),
(250, 88),
(250, 107),
(250, 127),
(250, 167),
(250, 170),
(251, 34),
(251, 59),
(251, 64),
(251, 76),
(251, 91),
(251, 166),
(252, 5),
(252, 10),
(252, 31),
(252, 41),
(252, 44),
(252, 49),
(252, 58),
(252, 67),
(252, 125),
(252, 140),
(252, 144),
(252, 147),
(252, 168),
(252, 187),
(252, 188),
(253, 42),
(253, 60),
(253, 67),
(253, 74),
(253, 130),
(253, 141),
(253, 161),
(253, 195),
(254, 38),
(254, 52),
(254, 76),
(254, 93),
(254, 101),
(255, 13),
(255, 18),
(256, 80),
(256, 84),
(256, 99),
(256, 114),
(256, 140),
(256, 150),
(256, 154),
(257, 4),
(257, 26),
(257, 28),
(257, 32),
(257, 56),
(257, 60),
(257, 65),
(257, 79),
(257, 82),
(257, 85),
(257, 91),
(257, 120),
(257, 135),
(257, 146),
(257, 147),
(257, 149),
(257, 150),
(257, 164),
(257, 169),
(257, 173),
(257, 174),
(257, 180),
(258, 15),
(258, 97),
(258, 136),
(258, 172),
(259, 3),
(259, 6),
(259, 9),
(259, 11),
(259, 20),
(259, 24),
(259, 25),
(259, 46),
(259, 57),
(259, 59),
(259, 78),
(259, 88),
(259, 96),
(259, 99),
(259, 111),
(259, 140),
(259, 149),
(259, 158),
(259, 159),
(259, 163),
(259, 184),
(259, 185),
(259, 193),
(260, 2),
(260, 9),
(260, 32),
(260, 33),
(260, 56),
(260, 61),
(260, 90),
(260, 123),
(260, 133),
(260, 152),
(260, 162),
(260, 165),
(260, 180),
(260, 188),
(260, 192),
(260, 200),
(261, 34),
(261, 170),
(262, 31),
(262, 33),
(262, 57),
(262, 77),
(262, 99),
(262, 103),
(262, 117),
(262, 121),
(262, 128),
(262, 151),
(262, 167),
(263, 16),
(263, 30),
(263, 48),
(263, 73),
(263, 98),
(263, 101),
(263, 122),
(263, 128),
(263, 130),
(263, 134),
(263, 155),
(263, 195),
(264, 14),
(264, 31),
(264, 38),
(264, 57),
(264, 85),
(266, 86),
(266, 111),
(266, 131),
(267, 1),
(267, 14),
(267, 34),
(267, 74),
(267, 101),
(267, 130),
(267, 133),
(267, 167),
(268, 13),
(268, 18),
(268, 110),
(268, 118),
(268, 192),
(268, 197),
(269, 22),
(269, 30),
(269, 94),
(269, 111),
(269, 117),
(269, 125),
(269, 136),
(269, 183),
(269, 184),
(270, 17),
(270, 48),
(270, 92),
(270, 96),
(270, 117),
(270, 144),
(270, 148),
(270, 149),
(270, 167),
(270, 183),
(272, 77),
(272, 78),
(272, 172),
(272, 178),
(272, 190),
(274, 18),
(274, 21),
(274, 45),
(274, 66),
(274, 75),
(274, 77),
(274, 81),
(274, 88),
(274, 102),
(274, 126),
(274, 173),
(275, 2),
(275, 16),
(275, 36),
(275, 43),
(275, 62),
(275, 74),
(275, 106),
(275, 168),
(275, 183),
(276, 32),
(276, 60),
(276, 84),
(276, 94),
(276, 153),
(276, 156),
(276, 200),
(277, 22),
(277, 139),
(278, 21),
(278, 22),
(278, 28),
(278, 39),
(278, 71),
(278, 80),
(278, 96),
(278, 106),
(278, 107),
(278, 144),
(278, 149),
(278, 172),
(278, 176),
(278, 182),
(278, 184),
(278, 192),
(278, 199),
(279, 4),
(279, 32),
(279, 39),
(279, 50),
(279, 53),
(279, 60),
(279, 87),
(279, 99),
(279, 117),
(279, 125),
(279, 139),
(279, 149),
(279, 161),
(279, 164),
(279, 178),
(279, 185),
(279, 194),
(280, 15),
(280, 33),
(280, 64),
(280, 71),
(280, 102),
(280, 157),
(281, 3),
(281, 24),
(281, 33),
(281, 42),
(281, 47),
(281, 49),
(281, 74),
(281, 82),
(281, 101),
(281, 114),
(281, 120),
(281, 124),
(281, 137),
(281, 142),
(281, 153),
(281, 160),
(281, 169),
(281, 173),
(281, 191),
(282, 149),
(282, 191),
(283, 3),
(283, 14),
(283, 40),
(283, 49),
(283, 50),
(283, 54),
(283, 69),
(283, 74),
(283, 111),
(283, 113),
(283, 137),
(283, 169),
(283, 187),
(284, 1),
(284, 2),
(284, 14),
(284, 42),
(284, 53),
(284, 70),
(284, 74),
(284, 93),
(284, 106),
(284, 124),
(284, 128),
(284, 186),
(285, 9),
(285, 22),
(285, 74),
(285, 112),
(285, 120),
(285, 151),
(285, 153),
(285, 194),
(285, 196),
(286, 5),
(286, 47),
(286, 165),
(287, 7),
(287, 21),
(287, 33),
(287, 36),
(287, 49),
(287, 53),
(287, 70),
(287, 84),
(287, 92),
(287, 102),
(287, 115),
(287, 127),
(287, 135),
(287, 163),
(287, 168),
(287, 170),
(287, 188),
(287, 189),
(287, 190),
(287, 192),
(288, 53),
(288, 54),
(288, 60),
(288, 166),
(289, 6),
(289, 13),
(289, 31),
(289, 51),
(289, 61),
(289, 84),
(289, 99),
(289, 135),
(289, 173),
(289, 193),
(290, 2),
(290, 6),
(290, 12),
(290, 36),
(290, 63),
(290, 77),
(290, 81),
(290, 85),
(290, 113),
(290, 133),
(290, 134),
(290, 145),
(290, 147),
(290, 196),
(290, 199),
(291, 27),
(291, 29),
(291, 37),
(291, 68),
(291, 77),
(291, 92),
(291, 114),
(291, 119),
(291, 130),
(291, 148),
(291, 165),
(291, 199),
(292, 49),
(292, 56),
(292, 80),
(292, 85),
(292, 110),
(292, 130),
(292, 179),
(293, 2),
(293, 44),
(293, 68),
(293, 104),
(293, 132),
(293, 157),
(293, 160),
(293, 178),
(293, 196),
(294, 52),
(294, 67),
(294, 103),
(295, 29),
(295, 30),
(295, 37),
(295, 40),
(295, 92),
(295, 102),
(295, 121),
(295, 156),
(295, 159),
(296, 1),
(296, 14),
(296, 17),
(296, 63),
(296, 71),
(296, 93),
(296, 99),
(296, 124),
(296, 175),
(296, 181),
(297, 39),
(297, 44),
(297, 88),
(297, 117),
(297, 127),
(297, 128),
(297, 157),
(297, 158),
(297, 174),
(297, 177),
(297, 188),
(297, 200),
(298, 25),
(299, 9),
(299, 36),
(299, 45),
(299, 51),
(299, 72),
(300, 33),
(300, 51),
(300, 55),
(300, 70),
(300, 79),
(300, 87),
(300, 109),
(300, 139),
(300, 175),
(300, 182),
(300, 184);

-- --------------------------------------------------------

--
-- Structure de la table `account_subscription`
--

DROP TABLE IF EXISTS `account_subscription`;
CREATE TABLE IF NOT EXISTS `account_subscription` (
  `id` int(11) NOT NULL AUTO_INCREMENT,
  `account_id` int(11) NOT NULL,
  `subscription_id` int(11) NOT NULL,
  `effective_at` datetime NOT NULL,
  `finished_at` datetime DEFAULT NULL,
  PRIMARY KEY (`id`),
  KEY `IDX_3A1E72959B6B5FBA` (`account_id`),
  KEY `IDX_3A1E72959A1887DC` (`subscription_id`)
) ENGINE=InnoDB AUTO_INCREMENT=401;

--
-- Déchargement des données de la table `account_subscription`
--

INSERT INTO `account_subscription` (`id`, `account_id`, `subscription_id`, `effective_at`, `finished_at`) VALUES
(1, 196, 2, '2020-04-29 09:28:19', '2022-05-29 23:59:43'),
(2, 80, 2, '2015-12-23 17:06:02', '2017-03-08 21:20:01'),
(7, 213, 1, '2020-06-02 07:59:55', '2022-08-29 05:08:46'),
(8, 6, 3, '2021-03-25 17:15:45', '2021-05-11 05:06:51'),
(11, 29, 2, '2017-07-03 19:33:49', '2019-04-21 09:21:38'),
(14, 106, 3, '2017-03-13 05:38:16', '2019-08-04 17:30:54'),
(16, 98, 2, '2018-02-04 07:44:19', '2022-07-25 12:50:59'),
(17, 86, 2, '2020-03-24 04:43:12', '2021-10-17 10:48:27'),
(20, 88, 1, '2018-10-12 03:31:26', '2022-08-28 10:12:28'),
(31, 262, 2, '2015-09-12 01:36:20', '2019-02-22 23:43:16'),
(32, 3, 2, '2015-05-07 02:10:18', '2021-02-07 05:54:37'),
(33, 37, 1, '2021-11-09 21:14:45', '2022-02-27 12:44:33'),
(35, 127, 2, '2019-07-05 04:19:21', '2020-03-04 14:37:43'),
(38, 26, 2, '2018-01-11 22:10:56', '2020-06-28 16:59:01'),
(40, 38, 3, '2019-05-30 07:08:45', '2020-06-07 04:09:32'),
(48, 223, 3, '2020-01-27 15:26:19', '2021-07-22 03:44:57'),
(52, 242, 3, '2020-12-03 20:54:03', '2021-07-27 05:46:44'),
(55, 299, 3, '2019-10-05 13:56:49', '2022-02-23 22:41:00'),
(56, 188, 3, '2015-07-11 19:06:52', '2020-05-27 05:42:35'),
(57, 294, 2, '2019-10-25 01:33:17', '2020-06-29 14:40:12'),
(59, 1, 1, '2017-08-29 04:29:58', '2018-03-12 11:15:20'),
(62, 181, 1, '2020-06-06 21:55:02', '2020-12-31 16:58:58'),
(64, 53, 3, '2016-05-03 09:03:31', '2021-05-03 17:32:25'),
(65, 115, 1, '2021-07-20 12:31:18', '2022-05-27 10:46:51'),
(66, 180, 2, '2015-02-13 13:49:49', '2015-07-09 05:25:00'),
(67, 51, 1, '2016-11-05 13:25:03', '2021-09-13 00:18:38'),
(70, 174, 1, '2020-10-15 04:04:25', '2021-01-15 09:38:20'),
(76, 276, 1, '2017-09-27 07:27:49', '2022-07-02 06:35:48'),
(78, 22, 2, '2016-04-24 03:32:14', '2019-12-01 22:37:35'),
(79, 131, 1, '2016-08-07 18:20:06', '2019-10-19 03:32:06'),
(80, 156, 2, '2021-08-28 05:00:10', '2021-11-28 03:35:13'),
(81, 191, 3, '2017-03-02 17:20:54', '2022-01-20 12:21:29'),
(82, 166, 3, '2021-06-08 01:07:40', '2021-08-24 08:41:40'),
(84, 21, 3, '2020-10-21 02:43:33', '2021-01-07 01:29:12'),
(89, 158, 2, '2019-11-07 10:44:32', '2020-04-16 07:00:57'),
(93, 108, 3, '2021-03-01 17:21:30', '2021-12-05 21:23:16'),
(95, 130, 1, '2020-11-26 10:30:23', '2022-03-04 02:05:38'),
(96, 163, 3, '2021-08-12 14:54:40', '2022-07-16 12:39:23'),
(98, 57, 3, '2020-08-01 12:33:17', '2020-11-24 04:12:21'),
(100, 27, 2, '2021-08-04 05:12:30', '2021-12-13 14:11:35'),
(103, 224, 3, '2017-05-02 04:36:46', '2019-09-12 05:46:06'),
(105, 78, 2, '2016-02-19 10:12:40', '2020-11-23 01:09:43'),
(108, 168, 3, '2015-08-17 15:38:49', '2022-06-01 11:50:14'),
(110, 87, 3, '2017-05-12 06:42:45', '2018-01-21 23:56:36'),
(111, 14, 1, '2017-05-13 20:55:18', '2020-09-19 06:32:27'),
(114, 9, 1, '2021-02-28 23:58:27', '2022-06-30 22:12:29'),
(115, 217, 3, '2020-10-02 11:58:41', '2021-09-26 23:50:54'),
(116, 11, 2, '2019-05-28 06:18:12', '2020-04-25 05:31:26'),
(118, 55, 1, '2021-10-17 23:26:38', '2022-10-07 16:48:01'),
(121, 94, 2, '2017-08-07 10:42:05', '2018-08-29 16:41:34'),
(122, 193, 2, '2015-11-16 10:15:23', '2017-01-23 02:57:30'),
(127, 134, 1, '2021-09-20 15:58:11', '2022-03-06 17:47:25'),
(130, 176, 1, '2021-04-23 23:29:32', '2022-10-02 22:06:52'),
(136, 81, 3, '2017-08-15 14:07:55', '2018-05-17 22:48:00'),
(137, 167, 2, '2019-06-13 04:37:46', '2021-04-06 01:52:52'),
(140, 52, 3, '2017-11-01 17:31:31', '2019-03-10 14:33:12'),
(142, 225, 2, '2016-11-12 07:28:20', '2022-06-23 13:57:40'),
(147, 35, 1, '2017-09-27 05:29:07', '2019-11-07 03:40:16'),
(148, 230, 3, '2019-04-23 15:39:29', '2022-02-09 21:15:56'),
(149, 58, 3, '2018-06-10 13:53:57', '2018-09-28 09:35:08'),
(151, 15, 1, '2021-06-08 23:36:29', '2022-01-02 11:30:03'),
(152, 110, 1, '2020-12-17 05:08:35', '2021-06-10 15:55:51'),
(153, 10, 3, '2017-01-19 15:02:32', '2018-09-24 20:34:59'),
(156, 182, 2, '2021-08-30 23:21:11', '2022-08-31 09:33:12'),
(157, 93, 3, '2016-07-07 22:44:35', '2019-05-14 04:30:49'),
(159, 7, 2, '2020-11-13 14:36:46', '2021-02-05 05:17:19'),
(160, 132, 3, '2017-01-29 07:53:03', '2021-06-05 23:53:54'),
(163, 24, 2, '2021-10-21 09:13:42', '2022-02-04 05:13:38'),
(166, 219, 1, '2015-08-08 12:46:52', '2020-12-17 07:47:50'),
(167, 140, 3, '2017-06-23 08:48:02', '2022-05-31 05:44:58'),
(168, 18, 3, '2021-10-01 09:42:22', '2022-04-17 08:16:18'),
(169, 49, 1, '2018-12-17 00:29:15', '2020-07-05 04:01:37'),
(170, 47, 1, '2019-01-08 10:35:55', '2021-07-28 07:25:25'),
(171, 184, 2, '2020-05-08 22:23:17', '2022-01-29 13:51:43'),
(174, 261, 1, '2015-12-28 13:05:05', '2020-10-25 11:23:50'),
(178, 142, 3, '2021-07-22 11:41:46', '2021-08-18 06:03:09'),
(179, 146, 3, '2015-07-24 10:56:36', '2015-11-01 06:18:20'),
(180, 105, 2, '2017-10-20 16:06:35', '2021-05-07 14:36:00'),
(181, 267, 3, '2019-01-18 00:42:17', '2019-09-25 05:20:31'),
(183, 133, 2, '2021-09-22 23:30:14', '2022-06-22 12:42:36'),
(184, 113, 3, '2021-07-22 02:43:09', '2022-08-14 00:31:37'),
(187, 91, 3, '2021-11-15 09:43:13', '2022-02-07 20:40:26'),
(190, 160, 2, '2018-05-25 15:37:33', '2021-01-21 21:12:48'),
(191, 30, 2, '2020-10-17 13:37:02', '2021-05-21 18:13:07'),
(193, 31, 3, '2016-06-02 18:58:13', '2022-08-15 12:26:33'),
(195, 200, 1, '2018-04-29 19:35:54', '2020-07-30 20:56:05'),
(196, 165, 1, '2017-09-22 06:00:44', '2019-06-22 03:33:05'),
(199, 228, 3, '2020-11-06 17:13:34', '2021-08-06 13:11:43'),
(200, 157, 2, '2017-02-12 19:44:43', '2018-01-18 12:15:08'),
(201, 190, 1, '2021-10-26 00:37:00', '2022-07-05 11:29:01'),
(205, 143, 1, '2021-02-13 17:43:54', '2021-12-13 07:44:16'),
(211, 119, 2, '2017-07-10 10:14:00', '2022-09-27 23:16:57'),
(212, 265, 3, '2021-11-14 11:52:53', '2022-06-08 16:07:12'),
(213, 33, 3, '2015-08-29 17:55:33', '2017-08-06 13:52:40'),
(215, 45, 1, '2018-06-13 00:07:17', '2021-01-08 21:43:46'),
(216, 222, 3, '2015-04-02 18:41:06', '2019-10-27 19:39:15'),
(217, 54, 2, '2018-02-03 00:03:06', '2021-02-25 07:19:14'),
(220, 120, 3, '2019-04-18 18:04:28', '2019-10-04 10:06:03'),
(221, 64, 3, '2019-08-13 08:02:47', '2022-09-05 04:25:47'),
(223, 216, 2, '2021-09-17 21:39:08', '2022-03-12 00:05:52'),
(224, 118, 1, '2017-10-10 13:59:07', '2022-01-24 23:12:05'),
(228, 42, 3, '2021-02-02 21:06:31', '2022-09-03 12:00:13'),
(229, 204, 3, '2015-04-24 11:13:00', '2022-07-06 11:57:54'),
(233, 129, 2, '2018-05-24 22:24:21', '2019-05-08 14:17:39'),
(235, 116, 3, '2017-07-06 18:01:58', '2018-01-12 05:26:59'),
(238, 112, 2, '2020-07-11 22:02:53', '2022-09-27 07:50:10'),
(239, 107, 3, '2021-10-24 18:37:50', '2021-12-27 04:52:18'),
(240, 138, 2, '2021-04-23 22:10:07', '2021-12-14 15:40:53'),
(241, 141, 1, '2020-03-22 13:08:00', '2020-04-29 01:28:57'),
(243, 76, 1, '2016-10-21 11:24:23', '2017-07-07 19:38:08'),
(244, 229, 1, '2018-05-01 06:01:36', '2020-03-21 10:30:48'),
(245, 90, 2, '2016-03-01 16:04:19', '2018-01-17 02:41:52'),
(246, 46, 3, '2018-12-17 02:14:01', '2022-10-06 09:02:23'),
(247, 151, 3, '2021-03-04 01:08:29', '2021-11-16 07:08:35'),
(249, 212, 1, '2020-07-26 23:49:24', '2022-10-02 18:00:48'),
(250, 273, 1, '2018-06-09 18:09:29', '2022-08-01 07:11:28'),
(251, 66, 1, '2018-09-03 23:33:15', '2020-04-18 10:28:58'),
(253, 164, 3, '2015-10-08 01:04:42', '2016-04-25 07:29:18'),
(255, 192, 1, '2018-05-04 22:05:36', '2022-02-28 12:20:18'),
(256, 50, 2, '2015-08-18 21:49:19', '2016-01-21 19:41:03'),
(259, 111, 3, '2018-10-23 12:35:17', '2022-09-22 05:24:12'),
(260, 149, 2, '2021-07-30 23:35:27', '2021-09-22 23:42:38'),
(261, 239, 1, '2020-05-08 05:15:45', '2022-02-19 08:21:02'),
(262, 150, 1, '2019-05-04 11:57:31', '2019-10-13 18:54:01'),
(263, 77, 3, '2017-10-27 18:27:42', '2020-06-05 13:36:36'),
(264, 187, 1, '2017-04-02 22:25:29', '2021-10-14 12:50:55'),
(265, 249, 3, '2019-02-24 20:58:35', '2020-10-31 01:04:53'),
(268, 28, 2, '2015-07-15 04:24:40', '2017-02-03 03:05:55'),
(270, 259, 3, '2017-02-12 09:27:47', '2020-04-12 16:00:02'),
(271, 128, 2, '2018-09-04 23:30:37', '2020-03-28 18:44:21'),
(272, 48, 1, '2019-06-29 05:21:35', '2022-02-27 11:07:54'),
(273, 287, 3, '2019-07-28 03:02:06', '2021-05-22 20:43:16'),
(274, 137, 2, '2015-11-28 06:51:47', '2016-04-03 14:37:35'),
(275, 60, 3, '2017-01-08 03:01:05', '2022-09-22 06:24:04'),
(277, 97, 1, '2019-04-13 14:05:55', '2020-12-07 07:22:43'),
(278, 226, 1, '2016-07-02 20:07:03', '2019-03-23 20:38:41'),
(279, 148, 3, '2016-09-01 10:54:28', '2018-02-18 21:06:17'),
(280, 44, 3, '2020-06-28 10:52:17', '2022-06-24 04:27:48'),
(281, 159, 2, '2018-06-19 05:52:56', '2020-03-02 21:52:56'),
(282, 147, 2, '2015-12-28 22:59:43', '2022-05-14 22:31:31'),
(283, 70, 1, '2018-01-03 00:12:10', '2021-06-04 07:12:22'),
(284, 243, 2, '2016-05-15 06:27:35', '2021-09-13 02:58:07'),
(285, 104, 3, '2021-09-18 22:31:43', '2022-04-23 14:07:10'),
(286, 89, 3, '2019-06-27 13:35:38', '2021-06-13 15:18:53'),
(287, 227, 2, '2019-02-01 21:29:33', '2019-09-08 01:14:18'),
(289, 289, 1, '2016-07-15 13:43:50', '2019-04-21 22:33:36'),
(290, 8, 1, '2019-07-15 11:52:53', '2021-04-27 18:17:49'),
(292, 208, 3, '2016-10-29 14:01:56', '2020-10-01 02:36:09'),
(294, 295, 2, '2017-01-12 08:42:42', '2021-03-11 23:20:26'),
(296, 19, 3, '2016-09-03 04:47:19', '2020-12-27 10:11:57'),
(298, 109, 1, '2017-09-19 00:13:14', '2021-08-31 03:58:07'),
(299, 154, 1, '2021-07-30 13:18:06', '2022-01-21 15:14:36'),
(301, 206, 1, '2015-08-18 23:23:02', '2016-01-25 13:57:22'),
(302, 122, 3, '2018-05-30 17:59:00', '2022-07-15 19:19:37'),
(303, 74, 2, '2020-09-28 06:26:15', '2022-05-03 08:31:09'),
(304, 40, 3, '2018-10-09 12:22:35', '2020-01-15 01:42:47'),
(305, 17, 1, '2016-07-02 10:13:00', '2016-09-04 09:32:09'),
(306, 272, 2, '2019-04-25 20:55:10', '2021-01-13 08:14:57'),
(307, 123, 3, '2019-10-25 17:30:03', '2022-08-21 23:50:38'),
(308, 16, 2, '2018-02-14 12:34:07', '2021-01-05 23:48:30'),
(310, 300, 3, '2019-07-29 14:56:19', '2020-07-10 08:40:13'),
(311, 139, 3, '2019-06-01 14:05:12', '2021-10-26 07:22:18'),
(312, 117, 2, '2019-05-13 08:53:09', '2019-07-22 14:19:24'),
(313, 102, 1, '2020-08-30 22:02:31', '2021-11-01 10:26:20'),
(314, 210, 1, '2019-10-10 18:01:53', '2021-11-10 08:12:45'),
(315, 145, 3, '2015-06-19 13:50:16', '2020-09-09 03:51:52'),
(316, 183, 3, '2017-11-17 00:49:48', '2021-09-12 12:15:35'),
(317, 84, 2, '2020-09-03 11:51:57', '2022-07-25 07:07:36'),
(318, 236, 3, '2021-01-20 21:44:38', '2021-12-01 01:55:15'),
(319, 244, 2, '2020-01-14 09:14:28', '2020-08-14 13:37:00'),
(321, 101, 3, '2018-11-02 21:04:32', '2022-06-03 01:27:05'),
(322, 155, 1, '2017-09-28 07:21:25', '2019-03-27 13:00:25'),
(324, 114, 2, '2018-08-29 14:21:57', '2021-10-29 08:39:22'),
(325, 247, 2, '2020-06-24 17:22:45', '2021-01-30 09:54:25'),
(326, 246, 1, '2015-11-28 16:04:32', '2020-12-16 19:43:34'),
(327, 175, 2, '2021-01-19 19:44:46', '2021-09-22 19:25:44'),
(328, 43, 2, '2016-02-05 08:39:58', '2019-10-22 22:30:16'),
(329, 172, 1, '2018-03-07 02:20:46', '2021-11-10 15:33:54'),
(330, 207, 3, '2021-11-18 17:04:35', '2021-12-22 22:50:17'),
(331, 63, 3, '2021-03-31 02:53:25', '2022-02-02 01:43:22'),
(332, 257, 1, '2018-07-06 16:43:17', '2020-11-20 14:30:35'),
(333, 232, 3, '2016-01-10 19:43:49', '2017-05-05 09:29:54'),
(334, 25, 3, '2016-08-12 01:02:57', '2017-01-15 03:23:16'),
(335, 269, 2, '2016-08-15 04:10:52', '2020-09-16 19:39:53'),
(337, 186, 2, '2016-11-23 02:01:47', '2020-04-22 09:42:44'),
(338, 240, 2, '2018-03-10 16:34:14', '2019-10-29 03:41:34'),
(339, 286, 1, '2015-06-30 17:29:09', '2015-08-27 14:38:38'),
(340, 73, 1, '2017-11-24 03:56:53', '2018-11-30 11:35:49'),
(341, 221, 1, '2018-07-14 13:40:05', '2019-01-21 18:47:41'),
(342, 125, 1, '2017-06-09 22:31:20', '2017-08-29 17:18:18'),
(343, 171, 2, '2015-11-20 01:07:37', '2017-03-04 01:16:55'),
(345, 61, 1, '2015-02-27 17:00:07', '2019-04-19 17:55:19'),
(346, 290, 2, '2015-02-17 16:40:01', '2016-12-13 14:46:45'),
(347, 179, 3, '2018-02-17 11:57:58', '2019-01-24 01:52:45'),
(348, 189, 1, '2020-10-12 07:07:34', '2021-07-10 04:48:32'),
(349, 278, 1, '2019-08-06 15:04:51', '2022-09-26 12:30:27'),
(351, 274, 1, '2022-03-28 01:25:17', NULL),
(352, 292, 3, '2022-09-02 07:11:32', NULL),
(359, 256, 1, '2022-04-03 18:40:08', NULL),
(360, 285, 2, '2022-05-04 02:29:47', NULL),
(367, 288, 3, '2022-01-22 15:11:10', NULL),
(368, 282, 2, '2022-06-21 13:07:10', NULL),
(369, 263, 1, '2022-01-03 20:33:09', NULL),
(371, 281, 1, '2022-01-24 14:01:38', NULL),
(374, 255, 2, '2022-07-31 17:27:24', NULL),
(376, 251, 1, '2022-08-03 21:05:20', NULL),
(377, 283, 1, '2022-09-19 06:59:07', NULL),
(379, 271, 3, '2022-01-01 20:11:23', NULL),
(381, 268, 3, '2022-08-21 06:54:37', NULL),
(383, 252, 1, '2022-08-10 10:29:00', NULL),
(386, 264, 3, '2022-09-11 12:25:53', NULL),
(387, 279, 2, '2022-07-09 17:38:39', NULL),
(388, 297, 3, '2022-03-15 08:38:32', NULL),
(389, 254, 1, '2022-03-27 11:30:28', NULL),
(390, 284, 3, '2022-04-03 17:16:29', NULL),
(391, 280, 2, '2022-06-04 01:41:13', NULL),
(392, 291, 2, '2022-01-15 05:04:15', NULL),
(393, 270, 2, '2022-05-20 22:40:52', NULL),
(395, 293, 2, '2022-02-24 22:37:06', NULL),
(396, 250, 3, '2022-01-15 06:51:49', NULL),
(397, 266, 3, '2022-05-10 06:52:44', NULL),
(398, 275, 3, '2022-09-01 18:54:37', NULL),
(399, 298, 1, '2022-06-21 20:31:14', NULL),
(400, 296, 3, '2022-03-15 08:05:11', NULL);

-- --------------------------------------------------------

--
-- Structure de la table `album`
--

DROP TABLE IF EXISTS `album`;
CREATE TABLE IF NOT EXISTS `album` (
  `id` int(11) NOT NULL AUTO_INCREMENT,
  `artist_id` int(11) NOT NULL,
  `name` varchar(255) NOT NULL,
  `published_at` datetime NOT NULL,
  PRIMARY KEY (`id`),
  KEY `IDX_39986E43B7970CF8` (`artist_id`)
) ENGINE=InnoDB AUTO_INCREMENT=101;

--
-- Déchargement des données de la table `album`
--

INSERT INTO `album` (`id`, `artist_id`, `name`, `published_at`) VALUES
(1, 4, 'I grow at a king,\' said Alice. \'Why.', '1999-11-11 23:29:43'),
(2, 9, 'Rabbit noticed Alice, as she went on.', '1990-06-25 08:02:19'),
(3, 22, 'Bill! catch hold of anything, but she.', '2006-12-07 08:38:52'),
(4, 8, 'See how eagerly the lobsters to the.', '1987-08-13 12:29:46'),
(5, 3, 'Alice, \'because I\'m not myself, you.', '1993-05-11 13:58:28'),
(6, 13, 'Alice. \'Why not?\' said the Cat, and.', '2016-10-15 15:06:20'),
(7, 8, 'Alice. \'Now we shall have somebody to.', '1984-04-07 01:03:59'),
(8, 6, 'SHE\'S she, and I\'m sure she\'s the best.', '1972-06-29 07:45:40'),
(9, 7, 'Bill! I wouldn\'t say anything about.', '1985-04-16 12:54:55'),
(10, 12, 'Caterpillar seemed to be treated with.', '2012-07-22 13:29:45'),
(11, 12, 'I\'ll never go THERE again!\' said Alice.', '1991-09-02 05:30:14'),
(12, 16, 'She was a good many little girls eat.', '2017-06-10 06:31:10'),
(13, 16, 'It was opened by another footman in.', '1994-03-25 00:53:14'),
(14, 22, 'Alice, timidly; \'some of the house.', '1989-10-26 14:28:39'),
(15, 22, 'Gryphon. \'We can do no more, whatever.', '1971-02-03 17:57:35'),
(16, 2, 'King, looking round the neck of the.', '2017-08-05 14:23:13'),
(17, 20, 'Mock Turtle repeated thoughtfully. \'I.', '1993-11-28 02:44:24'),
(18, 6, 'I know?\' said Alice, who had followed.', '1977-04-12 21:14:59'),
(19, 8, 'She took down a jar from one foot up.', '1972-09-07 06:55:34'),
(20, 26, 'FROM HIM TO YOU,\"\' said Alice. \'And be.', '1991-09-12 17:01:35'),
(21, 13, 'Alice, who was a general clapping of.', '1974-12-07 14:52:29'),
(22, 12, 'Then they all spoke at once, she found.', '1971-07-03 23:11:37'),
(23, 11, 'English); \'now I\'m opening out like.', '2018-12-23 12:53:56'),
(24, 12, 'Majesty,\' said the King, and he says.', '2018-01-01 17:34:34'),
(25, 13, 'White Rabbit, who said in a low voice.', '1970-02-14 09:27:31'),
(26, 8, 'Alice, \'because I\'m not looking for.', '2008-05-29 05:21:57'),
(27, 7, 'My notion was that she hardly knew.', '1994-10-21 11:05:50'),
(28, 21, 'I should like it put the Lizard in.', '1990-03-30 09:25:50'),
(29, 24, 'Queen had never forgotten that, if you.', '1990-04-28 21:46:10'),
(30, 26, 'Alice was not much larger than a real.', '1989-05-16 06:13:11'),
(31, 22, 'So she went in search of her sharp.', '2016-03-16 14:50:48'),
(32, 26, 'Alice whispered, \'that it\'s done by.', '1988-07-15 04:48:17'),
(33, 5, 'White Rabbit with pink eyes ran close.', '2016-12-19 21:11:42'),
(34, 17, 'The question is, what?\' The great.', '2021-11-10 21:07:29'),
(35, 20, 'Mock Turtle in a large caterpillar.', '2009-07-15 08:24:12'),
(36, 6, 'It was, no doubt: only Alice did not.', '1987-12-03 19:51:47'),
(37, 19, 'There was exactly three inches high).', '1988-05-01 16:02:13'),
(38, 25, 'Tears \'Curiouser and curiouser!\' cried.', '2002-03-11 11:45:46'),
(39, 20, 'Either the well was very glad she had.', '2013-10-03 05:28:51'),
(40, 13, 'I\'ll set Dinah at you!\' There was no.', '2019-04-03 04:26:36'),
(41, 22, 'Why, I haven\'t been invited yet.\'.', '2000-12-15 14:00:28'),
(42, 17, 'The King laid his hand upon her arm.', '1992-01-27 08:26:14'),
(43, 22, 'Indeed, she had never been so much.', '1980-12-01 06:02:22'),
(44, 5, 'CHAPTER IV. The Rabbit Sends in a.', '1990-01-13 08:27:04'),
(45, 3, 'Gryphon whispered in reply, \'for fear.', '2020-07-02 16:09:51'),
(46, 1, 'It sounded an excellent plan, no.', '1979-11-29 05:51:50'),
(47, 18, 'I beg your pardon!\' said the King. On.', '2018-07-14 23:23:03'),
(48, 17, 'March Hare. \'Then it doesn\'t matter.', '1997-08-01 12:40:01'),
(49, 14, 'Mouse. \'Of course,\' the Gryphon never.', '1973-08-05 05:29:23'),
(50, 1, 'Pigeon, but in a languid, sleepy.', '1976-04-16 04:59:55'),
(51, 25, 'Alice, \'when one wasn\'t always growing.', '2001-05-13 08:59:52'),
(52, 13, 'Dormouse say?\' one of them didn\'t know.', '2017-11-12 17:46:08'),
(53, 3, 'Rabbit\'s--\'Pat! Pat! Where are you?\'.', '1987-08-26 07:35:15'),
(54, 10, 'Dormouse shall!\' they both sat silent.', '1996-12-16 11:00:26'),
(55, 7, 'I learn music.\' \'Ah! that accounts for.', '2007-09-24 08:43:30'),
(56, 21, 'Alice did not wish to offend the.', '1978-07-14 15:39:58'),
(57, 20, 'I can guess that,\' she added in a.', '1993-06-02 19:46:12'),
(58, 8, 'I should say \"With what porpoise?\"\'.', '2014-10-07 13:44:03'),
(59, 9, 'And it\'ll fetch things when you throw.', '2006-05-13 04:45:15'),
(60, 1, 'I do it again and again.\' \'You are.', '2013-05-28 23:48:25'),
(61, 20, 'I should have croqueted the Queen\'s.', '2016-02-04 06:31:37'),
(62, 8, 'Alice. \'I\'m a--I\'m a--\' \'Well! WHAT.', '1981-04-16 17:09:44'),
(63, 21, 'RED rose-tree, and we put a stop to.', '1993-02-14 15:00:45'),
(64, 14, 'WAS no one listening, this time, and.', '2005-02-02 04:54:57'),
(65, 23, 'I think--\' (for, you see, Alice had no.', '1982-04-28 04:14:21'),
(66, 1, 'Lastly, she pictured to herself \'This.', '1988-08-07 18:24:32'),
(67, 18, 'Why, I do so like that curious song.', '1984-02-26 17:28:58'),
(68, 21, 'Five! Always lay the blame on others!\'.', '2008-08-11 17:58:33'),
(69, 20, 'Queen will hear you! You see, she came.', '2016-07-20 04:35:24'),
(70, 12, 'Very soon the Rabbit say to itself in.', '1989-02-04 07:06:53'),
(71, 26, 'So they couldn\'t see it?\' So she began.', '2019-05-30 08:36:41'),
(72, 20, 'ME,\' but nevertheless she uncorked it.', '2000-09-10 16:49:15'),
(73, 14, 'Twinkle, twinkle--\"\' Here the other.', '2016-11-20 10:23:39'),
(74, 26, 'How the Owl and the words don\'t FIT.', '1999-03-28 10:30:34'),
(75, 8, 'She was a large mustard-mine near.', '1971-11-10 00:58:16'),
(76, 14, 'March Hare will be much the most.', '1970-12-06 05:23:39'),
(77, 14, 'Dodo solemnly presented the thimble.', '2019-05-08 08:52:43'),
(78, 19, 'Alice. \'I\'m glad I\'ve seen that done,\'.', '1990-10-30 11:04:16'),
(79, 18, 'THEN--she found herself in the pool.', '2015-02-17 17:54:53'),
(80, 4, 'March Hare and his friends shared.', '1992-03-02 03:07:05'),
(81, 2, 'Gryphon. \'It\'s all her life. Indeed.', '1972-09-27 18:06:13'),
(82, 22, 'M, such as mouse-traps, and the March.', '1976-04-08 22:52:26'),
(83, 6, 'Mock Turtle, capering wildly about.', '1995-04-08 22:07:41'),
(84, 15, 'Alice, whose thoughts were still.', '2007-10-06 22:47:44'),
(85, 14, 'But the insolence of his Normans--\".', '1973-11-28 10:44:47'),
(86, 24, 'Alice. \'Call it what you had been.', '1993-02-14 09:12:09'),
(87, 8, 'March Hare will be When they take us.', '1978-06-13 00:23:21'),
(88, 9, 'Trims his belt and his friends shared.', '1997-03-15 00:57:30'),
(89, 20, 'Soup!\' CHAPTER XI. Who Stole the.', '1982-08-07 10:21:22'),
(90, 5, 'I think?\' he said to Alice; and Alice.', '2021-09-13 12:19:08'),
(91, 23, 'Alice replied, so eagerly that the way.', '1977-09-09 03:34:58'),
(92, 23, 'Alice timidly. \'Would you like the.', '2007-05-20 21:19:50'),
(93, 17, 'Then followed the Knave of Hearts, she.', '1979-08-22 22:46:53'),
(94, 13, 'I to get her head pressing against the.', '2007-10-12 14:06:55'),
(95, 3, 'Alice replied, rather shyly, \'I--I.', '1984-01-08 07:40:10'),
(96, 11, 'Rabbit\'s little white kid gloves: she.', '1983-10-07 04:15:17'),
(97, 4, 'I believe.\' \'Boots and shoes under the.', '2019-07-31 15:28:32'),
(98, 5, 'She had already heard her voice close.', '2004-03-19 04:44:47'),
(99, 5, 'King said, turning to the shore, and.', '1994-10-29 12:58:01'),
(100, 27, 'Alice could bear: she got back to the.', '1974-06-23 01:04:44');

-- --------------------------------------------------------

--
-- Structure de la table `album_song`
--

DROP TABLE IF EXISTS `album_song`;
CREATE TABLE IF NOT EXISTS `album_song` (
  `album_id` int(11) NOT NULL,
  `song_id` int(11) NOT NULL,
  PRIMARY KEY (`album_id`,`song_id`),
  KEY `IDX_57E658E11137ABCF` (`album_id`),
  KEY `IDX_57E658E1A0BDB2F3` (`song_id`)
) ENGINE=InnoDB;

--
-- Déchargement des données de la table `album_song`
--

INSERT INTO `album_song` (`album_id`, `song_id`) VALUES
(1, 221),
(1, 243),
(1, 277),
(1, 308),
(1, 321),
(1, 493),
(2, 55),
(2, 228),
(2, 242),
(2, 288),
(2, 310),
(2, 450),
(3, 18),
(3, 29),
(3, 33),
(3, 84),
(3, 259),
(3, 303),
(3, 351),
(3, 460),
(4, 209),
(4, 258),
(4, 437),
(4, 466),
(5, 150),
(5, 266),
(5, 416),
(5, 464),
(6, 72),
(6, 196),
(6, 389),
(7, 25),
(7, 89),
(7, 209),
(8, 9),
(8, 37),
(8, 39),
(8, 55),
(8, 67),
(8, 172),
(8, 265),
(8, 278),
(8, 281),
(8, 462),
(8, 480),
(9, 64),
(9, 298),
(10, 15),
(10, 107),
(10, 109),
(10, 184),
(10, 191),
(10, 212),
(10, 221),
(10, 265),
(10, 298),
(10, 326),
(10, 485),
(10, 497),
(11, 226),
(11, 279),
(12, 78),
(12, 110),
(12, 218),
(12, 263),
(12, 311),
(12, 363),
(12, 389),
(12, 440),
(13, 9),
(13, 23),
(13, 81),
(13, 443),
(14, 177),
(14, 295),
(15, 147),
(15, 294),
(15, 397),
(15, 455),
(16, 8),
(16, 9),
(16, 93),
(16, 114),
(16, 143),
(16, 220),
(16, 259),
(16, 416),
(17, 9),
(17, 22),
(17, 132),
(17, 146),
(17, 225),
(17, 243),
(17, 354),
(17, 428),
(17, 478),
(17, 482),
(18, 73),
(18, 87),
(18, 92),
(18, 115),
(18, 130),
(18, 286),
(18, 307),
(18, 348),
(19, 145),
(19, 387),
(19, 498),
(20, 138),
(20, 440),
(21, 100),
(21, 106),
(21, 108),
(21, 119),
(21, 126),
(21, 130),
(21, 159),
(21, 175),
(21, 303),
(21, 383),
(21, 389),
(22, 81),
(22, 124),
(22, 260),
(22, 309),
(22, 352),
(22, 383),
(23, 18),
(23, 50),
(23, 103),
(23, 140),
(24, 16),
(24, 57),
(24, 62),
(24, 71),
(24, 80),
(24, 109),
(24, 280),
(24, 327),
(24, 379),
(24, 441),
(25, 12),
(25, 64),
(25, 75),
(25, 128),
(25, 179),
(25, 190),
(25, 283),
(25, 285),
(25, 392),
(25, 443),
(25, 477),
(25, 488),
(26, 59),
(26, 70),
(26, 89),
(26, 95),
(26, 133),
(26, 136),
(26, 159),
(26, 182),
(26, 226),
(26, 235),
(26, 389),
(26, 444),
(27, 30),
(27, 37),
(27, 132),
(27, 242),
(27, 286),
(27, 385),
(27, 438),
(27, 479),
(28, 292),
(28, 388),
(29, 16),
(29, 112),
(29, 147),
(29, 171),
(29, 185),
(29, 195),
(29, 374),
(29, 379),
(29, 425),
(29, 431),
(30, 178),
(30, 260),
(30, 385),
(31, 13),
(31, 28),
(31, 45),
(31, 51),
(31, 95),
(31, 211),
(31, 226),
(31, 295),
(31, 448),
(31, 472),
(31, 488),
(32, 41),
(32, 57),
(32, 151),
(32, 189),
(32, 237),
(32, 293),
(32, 389),
(32, 397),
(32, 441),
(32, 497),
(33, 107),
(33, 117),
(33, 278),
(33, 335),
(33, 476),
(34, 29),
(34, 55),
(34, 75),
(34, 116),
(34, 242),
(34, 245),
(34, 330),
(34, 406),
(34, 463),
(34, 477),
(35, 91),
(35, 177),
(35, 285),
(35, 318),
(36, 166),
(36, 332),
(37, 73),
(37, 124),
(37, 235),
(37, 240),
(37, 262),
(37, 277),
(37, 325),
(37, 454),
(38, 49),
(38, 154),
(38, 273),
(38, 368),
(38, 434),
(39, 51),
(39, 53),
(39, 296),
(39, 362),
(39, 365),
(39, 387),
(39, 471),
(39, 483),
(40, 32),
(40, 56),
(40, 104),
(40, 125),
(40, 140),
(40, 200),
(40, 279),
(40, 300),
(41, 25),
(41, 110),
(41, 136),
(41, 188),
(41, 192),
(41, 262),
(41, 283),
(41, 287),
(41, 325),
(41, 330),
(41, 386),
(41, 490),
(42, 212),
(42, 216),
(42, 490),
(43, 3),
(43, 25),
(43, 153),
(43, 269),
(43, 280),
(43, 342),
(43, 389),
(43, 472),
(44, 4),
(44, 209),
(44, 398),
(45, 58),
(45, 95),
(45, 177),
(45, 190),
(45, 375),
(45, 379),
(45, 444),
(45, 457),
(46, 95),
(46, 221),
(46, 251),
(46, 346),
(46, 439),
(46, 454),
(46, 499),
(47, 17),
(47, 321),
(47, 365),
(47, 372),
(47, 417),
(48, 51),
(48, 52),
(48, 164),
(48, 194),
(49, 102),
(49, 115),
(49, 172),
(49, 235),
(49, 249),
(49, 251),
(49, 301),
(49, 391),
(49, 433),
(49, 434),
(50, 13),
(50, 136),
(50, 216),
(50, 305),
(50, 461),
(51, 57),
(51, 108),
(51, 154),
(51, 157),
(51, 173),
(51, 363),
(51, 365),
(51, 488),
(52, 89),
(52, 182),
(52, 224),
(52, 231),
(52, 291),
(52, 359),
(52, 364),
(52, 394),
(52, 468),
(52, 475),
(52, 481),
(53, 73),
(53, 247),
(53, 283),
(53, 378),
(53, 394),
(54, 40),
(54, 41),
(54, 57),
(54, 82),
(54, 120),
(54, 186),
(54, 213),
(54, 250),
(54, 285),
(54, 294),
(54, 329),
(54, 354),
(55, 70),
(55, 238),
(55, 289),
(55, 358),
(55, 363),
(55, 387),
(55, 437),
(55, 439),
(55, 496),
(56, 221),
(56, 399),
(56, 484),
(57, 24),
(57, 125),
(57, 150),
(57, 184),
(57, 214),
(57, 216),
(57, 390),
(57, 435),
(57, 498),
(58, 39),
(58, 84),
(58, 201),
(58, 234),
(58, 265),
(58, 280),
(58, 345),
(59, 85),
(59, 203),
(59, 354),
(60, 52),
(60, 140),
(60, 223),
(60, 248),
(60, 262),
(60, 299),
(61, 13),
(61, 150),
(61, 179),
(61, 292),
(61, 450),
(62, 20),
(62, 68),
(62, 83),
(62, 440),
(63, 48),
(63, 214),
(64, 60),
(64, 137),
(64, 152),
(64, 254),
(64, 261),
(64, 331),
(64, 350),
(64, 369),
(64, 447),
(65, 42),
(65, 95),
(65, 170),
(65, 208),
(65, 225),
(65, 406),
(65, 422),
(65, 481),
(65, 492),
(66, 31),
(66, 95),
(67, 83),
(67, 116),
(67, 246),
(67, 258),
(67, 294),
(67, 467),
(68, 338),
(68, 369),
(68, 391),
(68, 488),
(69, 7),
(69, 113),
(69, 254),
(69, 358),
(69, 422),
(70, 52),
(70, 75),
(70, 174),
(70, 213),
(70, 239),
(70, 251),
(70, 291),
(70, 402),
(71, 12),
(71, 100),
(71, 105),
(71, 158),
(71, 168),
(71, 294),
(71, 311),
(71, 437),
(71, 446),
(71, 474),
(71, 480),
(72, 311),
(72, 372),
(72, 391),
(72, 483),
(73, 144),
(73, 150),
(73, 200),
(73, 296),
(73, 346),
(74, 132),
(74, 161),
(74, 188),
(75, 28),
(75, 73),
(76, 65),
(76, 83),
(76, 106),
(76, 179),
(76, 188),
(76, 212),
(76, 216),
(76, 249),
(76, 258),
(76, 268),
(76, 426),
(77, 42),
(77, 130),
(77, 277),
(77, 280),
(77, 338),
(77, 402),
(78, 72),
(78, 191),
(78, 240),
(78, 317),
(78, 324),
(78, 344),
(78, 435),
(78, 436),
(78, 454),
(79, 130),
(79, 167),
(79, 193),
(79, 229),
(79, 304),
(79, 348),
(79, 357),
(79, 412),
(80, 204),
(80, 218),
(80, 245),
(80, 290),
(81, 9),
(81, 138),
(81, 188),
(81, 258),
(81, 302),
(81, 367),
(81, 381),
(81, 455),
(82, 22),
(82, 365),
(83, 60),
(83, 130),
(83, 149),
(83, 196),
(83, 223),
(83, 268),
(83, 273),
(83, 307),
(84, 15),
(84, 142),
(84, 145),
(84, 343),
(84, 424),
(85, 137),
(85, 166),
(85, 204),
(85, 233),
(85, 341),
(85, 439),
(86, 63),
(86, 98),
(86, 101),
(86, 135),
(86, 174),
(86, 193),
(86, 200),
(86, 438),
(87, 32),
(87, 39),
(87, 69),
(87, 80),
(87, 99),
(87, 133),
(87, 185),
(87, 229),
(87, 234),
(87, 241),
(87, 400),
(87, 423),
(88, 18),
(88, 50),
(88, 62),
(88, 67),
(88, 74),
(88, 81),
(88, 136),
(88, 145),
(88, 287),
(88, 339),
(89, 235),
(89, 273),
(89, 291),
(89, 314),
(89, 330),
(89, 443),
(89, 454),
(89, 464),
(90, 48),
(90, 51),
(90, 112),
(90, 191),
(90, 221),
(90, 274),
(90, 309),
(90, 411),
(91, 101),
(91, 183),
(91, 233),
(91, 314),
(91, 435),
(92, 84),
(92, 142),
(92, 175),
(92, 209),
(92, 379),
(92, 394),
(92, 439),
(92, 448),
(92, 468),
(93, 42),
(93, 64),
(93, 85),
(93, 152),
(93, 166),
(93, 172),
(93, 238),
(93, 297),
(93, 298),
(93, 422),
(93, 432),
(93, 462),
(94, 7),
(94, 36),
(94, 43),
(94, 48),
(94, 122),
(94, 123),
(94, 143),
(94, 155),
(94, 186),
(94, 366),
(94, 420),
(94, 430),
(95, 35),
(95, 194),
(95, 352),
(95, 430),
(95, 485),
(95, 496),
(95, 500),
(96, 31),
(96, 252),
(96, 483),
(97, 133),
(97, 195),
(97, 313),
(97, 315),
(97, 352),
(97, 394),
(97, 413),
(97, 486),
(98, 25),
(98, 145),
(98, 225),
(98, 242),
(98, 266),
(98, 272),
(98, 273),
(98, 282),
(98, 293),
(98, 306),
(98, 426),
(98, 428),
(99, 50),
(99, 55),
(99, 298),
(99, 317),
(99, 325),
(99, 436),
(99, 470),
(100, 158),
(100, 269),
(100, 318),
(100, 433),
(100, 463);

-- --------------------------------------------------------

--
-- Structure de la table `artist`
--

DROP TABLE IF EXISTS `artist`;
CREATE TABLE IF NOT EXISTS `artist` (
  `id` int(11) NOT NULL AUTO_INCREMENT,
  `name` varchar(255) NOT NULL,
  `email` varchar(255) NOT NULL,
  `password` varchar(255) NOT NULL,
  `url_banner` varchar(255) NOT NULL,
  `certificate` longtext NOT NULL,
  `created_at` datetime NOT NULL,
  PRIMARY KEY (`id`)
) ENGINE=InnoDB AUTO_INCREMENT=28;

--
-- Déchargement des données de la table `artist`
--

INSERT INTO `artist` (`id`, `name`, `email`, `password`, `url_banner`, `certificate`, `created_at`) VALUES
(1, 'Green Day', 'zetta86@prosacco.org', '$argon2id$v=19$m=65536,t=4,p=1$4yD0D7X7Yi9hg/m3Kaz6mA$wp8B28igsh3A6KeUSw7zuGyMNEgzHFJsVQw/sFPbv3A', 'https://picsum.photos/1000/800', 'Voluptates id amet et et suscipit qui recusandae totam nulla quam ipsam voluptatem cupiditate sed natus debitis voluptas aut.', '2015-03-18 13:58:54'),
(2, 'Alice Cooper', 'ojohns@kiehn.com', '$argon2id$v=19$m=65536,t=4,p=1$4yD0D7X7Yi9hg/m3Kaz6mA$wp8B28igsh3A6KeUSw7zuGyMNEgzHFJsVQw/sFPbv3A', 'https://picsum.photos/1000/800', 'Quibusdam tempora velit porro ut velit soluta explicabo eligendi occaecati debitis et saepe eum sint dolorem delectus enim ipsum inventore sed.', '2015-08-25 05:04:24'),
(3, 'Simple Plan', 'ericka.williamson@yahoo.com', '$argon2id$v=19$m=65536,t=4,p=1$4yD0D7X7Yi9hg/m3Kaz6mA$wp8B28igsh3A6KeUSw7zuGyMNEgzHFJsVQw/sFPbv3A', 'https://picsum.photos/1000/800', 'Enim nostrum soluta qui ipsam non ipsum velit reiciendis aperiam et fuga doloribus nisi placeat cumque est ducimus temporibus.', '1996-10-30 20:38:00'),
(4, 'Slipknot', 'lockman.annabell@hotmail.com', '$argon2id$v=19$m=65536,t=4,p=1$4yD0D7X7Yi9hg/m3Kaz6mA$wp8B28igsh3A6KeUSw7zuGyMNEgzHFJsVQw/sFPbv3A', 'https://picsum.photos/1000/800', 'Porro sed magni cupiditate sit vitae voluptas sint non voluptates ut.', '1988-10-19 04:19:45'),
(5, 'Limp Bizkit', 'mann.lambert@hotmail.com', '$argon2id$v=19$m=65536,t=4,p=1$4yD0D7X7Yi9hg/m3Kaz6mA$wp8B28igsh3A6KeUSw7zuGyMNEgzHFJsVQw/sFPbv3A', 'https://picsum.photos/1000/800', 'Id corporis incidunt saepe provident esse hic eligendi quos culpa ut ab voluptas sed a nam et.', '2019-12-15 21:23:13'),
(6, 'Megadeath', 'cmcglynn@bradtke.com', '$argon2id$v=19$m=65536,t=4,p=1$4yD0D7X7Yi9hg/m3Kaz6mA$wp8B28igsh3A6KeUSw7zuGyMNEgzHFJsVQw/sFPbv3A', 'https://picsum.photos/1000/800', 'Eos odit amet et est ut eum nisi molestiae quidem ut sunt et quidem est.', '2015-09-10 15:57:43'),
(7, 'Queen', 'madie.rolfson@yahoo.com', '$argon2id$v=19$m=65536,t=4,p=1$4yD0D7X7Yi9hg/m3Kaz6mA$wp8B28igsh3A6KeUSw7zuGyMNEgzHFJsVQw/sFPbv3A', 'https://picsum.photos/1000/800', 'Enim ex eveniet facere sunt quia delectus aut nam et eum architecto.', '1991-05-26 04:31:59'),
(8, 'Gun\'s and Roses', 'bergnaum.franz@yahoo.com', '$argon2id$v=19$m=65536,t=4,p=1$4yD0D7X7Yi9hg/m3Kaz6mA$wp8B28igsh3A6KeUSw7zuGyMNEgzHFJsVQw/sFPbv3A', 'https://picsum.photos/1000/800', 'Vel possimus omnis aut incidunt sunt cumque asperiores incidunt iure sequi cum culpa rem.', '1977-11-08 10:40:32'),
(9, 'Iron Maiden', 'jeanette.bogan@hotmail.com', '$argon2id$v=19$m=65536,t=4,p=1$4yD0D7X7Yi9hg/m3Kaz6mA$wp8B28igsh3A6KeUSw7zuGyMNEgzHFJsVQw/sFPbv3A', 'https://picsum.photos/1000/800', 'Reiciendis qui architecto fugiat nemo omnis consequatur recusandae qui cupiditate eos quod veritatis vel optio.', '2004-04-18 14:23:40'),
(10, 'System of a Down', 'friesen.damaris@hotmail.com', '$argon2id$v=19$m=65536,t=4,p=1$4yD0D7X7Yi9hg/m3Kaz6mA$wp8B28igsh3A6KeUSw7zuGyMNEgzHFJsVQw/sFPbv3A', 'https://picsum.photos/1000/800', 'Quo voluptatum quia ipsum voluptatibus est accusantium eveniet aut atque.', '2018-05-19 15:20:33'),
(11, 'Judas Priest', 'grant.deion@king.com', '$argon2id$v=19$m=65536,t=4,p=1$4yD0D7X7Yi9hg/m3Kaz6mA$wp8B28igsh3A6KeUSw7zuGyMNEgzHFJsVQw/sFPbv3A', 'https://picsum.photos/1000/800', 'Quia assumenda minima sunt qui similique ut culpa natus consequatur reiciendis sit et nihil ut porro amet laborum.', '1982-07-18 17:19:14'),
(12, 'Blink 182', 'gframi@kautzer.com', '$argon2id$v=19$m=65536,t=4,p=1$4yD0D7X7Yi9hg/m3Kaz6mA$wp8B28igsh3A6KeUSw7zuGyMNEgzHFJsVQw/sFPbv3A', 'https://picsum.photos/1000/800', 'Harum rerum sequi quia quasi quae sint saepe numquam tempora et.', '2002-01-12 04:00:45'),
(13, 'Motörhead', 'wyman12@bins.info', '$argon2id$v=19$m=65536,t=4,p=1$4yD0D7X7Yi9hg/m3Kaz6mA$wp8B28igsh3A6KeUSw7zuGyMNEgzHFJsVQw/sFPbv3A', 'https://picsum.photos/1000/800', 'Similique ad sed architecto quod nulla maxime voluptas quibusdam inventore esse harum accusantium rerum.', '1976-08-28 17:16:18'),
(14, 'Black Sabbath', 'mprice@doyle.com', '$argon2id$v=19$m=65536,t=4,p=1$4yD0D7X7Yi9hg/m3Kaz6mA$wp8B28igsh3A6KeUSw7zuGyMNEgzHFJsVQw/sFPbv3A', 'https://picsum.photos/1000/800', 'Aut nesciunt omnis sit nisi recusandae eaque molestias sit id labore similique ut voluptatem laudantium perferendis eveniet quam vero fuga.', '2021-02-20 20:01:32'),
(15, 'Mötley Crüe', 'bernadine.waters@runolfsdottir.biz', '$argon2id$v=19$m=65536,t=4,p=1$4yD0D7X7Yi9hg/m3Kaz6mA$wp8B28igsh3A6KeUSw7zuGyMNEgzHFJsVQw/sFPbv3A', 'https://picsum.photos/1000/800', 'Non non explicabo et neque itaque ex quaerat ut aut at consequatur non rerum.', '1984-12-30 18:52:42'),
(16, 'Good Charlotte', 'michelle26@yahoo.com', '$argon2id$v=19$m=65536,t=4,p=1$4yD0D7X7Yi9hg/m3Kaz6mA$wp8B28igsh3A6KeUSw7zuGyMNEgzHFJsVQw/sFPbv3A', 'https://picsum.photos/1000/800', 'Sunt dolorem veritatis voluptatem perferendis molestiae est ut iure possimus ab in hic molestiae odio sed vitae maiores.', '1985-11-15 13:57:48'),
(17, 'The Offspring', 'jarrod.cummerata@hudson.org', '$argon2id$v=19$m=65536,t=4,p=1$4yD0D7X7Yi9hg/m3Kaz6mA$wp8B28igsh3A6KeUSw7zuGyMNEgzHFJsVQw/sFPbv3A', 'https://picsum.photos/1000/800', 'Molestiae consequatur sint consequatur est qui doloremque aperiam qui rerum accusamus beatae dolores enim et doloribus.', '1995-12-21 02:32:36'),
(18, 'Lordi', 'willms.ezequiel@hotmail.com', '$argon2id$v=19$m=65536,t=4,p=1$4yD0D7X7Yi9hg/m3Kaz6mA$wp8B28igsh3A6KeUSw7zuGyMNEgzHFJsVQw/sFPbv3A', 'https://picsum.photos/1000/800', 'Saepe libero quas magni rerum consequatur laudantium nisi quo earum rerum esse eveniet debitis omnis voluptatem voluptatem et eaque.', '1999-08-28 15:50:30'),
(19, 'Linkin Park', 'heber71@cassin.com', '$argon2id$v=19$m=65536,t=4,p=1$4yD0D7X7Yi9hg/m3Kaz6mA$wp8B28igsh3A6KeUSw7zuGyMNEgzHFJsVQw/sFPbv3A', 'https://picsum.photos/1000/800', 'Nobis doloribus illo velit eius similique dolore consequatur et ipsam omnis saepe dolor in perspiciatis sit consectetur.', '2019-08-26 10:38:31'),
(20, 'Bon Jovi', 'ymccullough@hotmail.com', '$argon2id$v=19$m=65536,t=4,p=1$4yD0D7X7Yi9hg/m3Kaz6mA$wp8B28igsh3A6KeUSw7zuGyMNEgzHFJsVQw/sFPbv3A', 'https://picsum.photos/1000/800', 'Molestiae asperiores consequuntur sit repellendus dolorum aliquam doloremque et reprehenderit.', '1993-10-09 08:42:34'),
(21, 'Deep Purple', 'marvin.lenny@yahoo.com', '$argon2id$v=19$m=65536,t=4,p=1$4yD0D7X7Yi9hg/m3Kaz6mA$wp8B28igsh3A6KeUSw7zuGyMNEgzHFJsVQw/sFPbv3A', 'https://picsum.photos/1000/800', 'Voluptate ullam placeat non ratione eaque possimus quia optio explicabo et repellat tempore.', '1988-06-03 04:51:25'),
(22, 'Zebrahead', 'jast.gwen@koepp.com', '$argon2id$v=19$m=65536,t=4,p=1$4yD0D7X7Yi9hg/m3Kaz6mA$wp8B28igsh3A6KeUSw7zuGyMNEgzHFJsVQw/sFPbv3A', 'https://picsum.photos/1000/800', 'Dignissimos et dolorem doloremque quam quia voluptatem quibusdam ad in maiores nisi eius quibusdam.', '2016-01-30 10:18:47'),
(23, 'Metallica', 'destiney.wuckert@roberts.com', '$argon2id$v=19$m=65536,t=4,p=1$4yD0D7X7Yi9hg/m3Kaz6mA$wp8B28igsh3A6KeUSw7zuGyMNEgzHFJsVQw/sFPbv3A', 'https://picsum.photos/1000/800', 'Non eos sed amet sunt vitae enim sapiente occaecati natus assumenda reiciendis similique et laudantium vel.', '2015-03-07 04:16:30'),
(24, 'AC/DC', 'betsy.swift@walker.biz', '$argon2id$v=19$m=65536,t=4,p=1$4yD0D7X7Yi9hg/m3Kaz6mA$wp8B28igsh3A6KeUSw7zuGyMNEgzHFJsVQw/sFPbv3A', 'https://picsum.photos/1000/800', 'Amet neque deleniti totam aut nisi non omnis voluptatem velit nesciunt eligendi eos sint ut.', '1991-01-31 17:25:15'),
(25, 'Scorpions', 'hagenes.zoey@gmail.com', '$argon2id$v=19$m=65536,t=4,p=1$4yD0D7X7Yi9hg/m3Kaz6mA$wp8B28igsh3A6KeUSw7zuGyMNEgzHFJsVQw/sFPbv3A', 'https://picsum.photos/1000/800', 'Rem est est alias neque autem nihil esse repudiandae pariatur reprehenderit assumenda error.', '2002-04-19 15:22:01'),
(26, 'Led Zeppelin', 'lexus71@hotmail.com', '$argon2id$v=19$m=65536,t=4,p=1$4yD0D7X7Yi9hg/m3Kaz6mA$wp8B28igsh3A6KeUSw7zuGyMNEgzHFJsVQw/sFPbv3A', 'https://picsum.photos/1000/800', 'Ea dolores doloremque fuga labore qui et molestias hic minus et omnis porro.', '2006-12-24 10:25:14'),
(27, 'Sum 41', 'roberto.hickle@swift.com', '$argon2id$v=19$m=65536,t=4,p=1$4yD0D7X7Yi9hg/m3Kaz6mA$wp8B28igsh3A6KeUSw7zuGyMNEgzHFJsVQw/sFPbv3A', 'https://picsum.photos/1000/800', 'Et quis quae distinctio ratione quis voluptates nulla totam eos omnis inventore perferendis voluptatem nisi quis consequatur ullam voluptas et.', '1975-01-18 09:27:18');

-- --------------------------------------------------------

--
-- Structure de la table `playlist`
--

DROP TABLE IF EXISTS `playlist`;
CREATE TABLE IF NOT EXISTS `playlist` (
  `id` int(11) NOT NULL AUTO_INCREMENT,
  `account_id` int(11) NOT NULL,
  `name` varchar(255) NOT NULL,
  `created_at` datetime NOT NULL,
  `updated_at` datetime NOT NULL,
  PRIMARY KEY (`id`),
  KEY `IDX_D782112D9B6B5FBA` (`account_id`)
) ENGINE=InnoDB AUTO_INCREMENT=201;

--
-- Déchargement des données de la table `playlist`
--

INSERT INTO `playlist` (`id`, `account_id`, `name`, `created_at`, `updated_at`) VALUES
(1, 209, 'I could, if I chose,\'.', '2006-05-09 01:15:54', '2022-01-28 07:08:54'),
(2, 227, 'Hatter: \'but you could.', '1995-11-16 08:00:11', '2022-05-24 05:40:18'),
(3, 144, 'Duchess said after a.', '1988-06-06 10:30:29', '1992-03-11 13:36:42'),
(4, 99, 'Gryphon, and all the.', '2015-07-27 12:31:42', '2017-08-08 09:13:33'),
(5, 238, 'Queen left off, quite.', '2007-08-16 23:57:26', '2015-05-30 07:53:40'),
(6, 183, 'Alice, \'they\'re sure to.', '2016-03-20 19:32:47', '2020-02-19 15:04:45'),
(7, 124, 'AND WASHING--extra.\"\'.', '1998-07-08 17:05:51', '2020-10-28 01:00:35'),
(8, 163, 'I was sent for.\' \'You.', '1993-06-14 06:16:51', '1998-05-17 23:30:47'),
(9, 169, 'She pitied him deeply.', '1994-02-21 08:45:13', '2022-02-17 17:56:56'),
(10, 62, 'Caterpillar took the.', '1986-08-13 03:32:00', '1995-07-19 04:29:43'),
(11, 210, 'Besides, SHE\'S she, and.', '1981-06-21 19:02:51', '1998-09-06 19:41:36'),
(12, 143, 'King, \'or I\'ll have you.', '1998-01-20 07:24:24', '2018-05-02 14:22:08'),
(13, 143, 'Alice quite jumped; but.', '1978-05-08 17:00:13', '2000-04-19 07:11:26'),
(14, 29, 'Alice, seriously, \'I\'ll.', '2020-09-27 20:59:09', '2022-04-15 21:16:27'),
(15, 221, 'For really this morning.', '2010-06-17 21:06:29', '2011-11-22 02:09:19'),
(16, 115, 'Queen, in a voice she.', '1991-10-04 18:24:04', '2010-10-14 19:48:40'),
(17, 223, 'Gryphon. \'Of course,\'.', '2011-08-16 16:50:14', '2016-09-09 14:35:43'),
(18, 46, 'I could show you our.', '1977-06-25 04:00:12', '2004-08-21 21:30:21'),
(19, 52, 'The Dormouse had closed.', '1975-12-13 16:07:04', '2009-06-04 07:01:00'),
(20, 218, 'WOULD put their heads.', '1985-08-01 20:08:21', '1999-05-19 01:45:14'),
(21, 245, 'Do you think you could.', '1997-05-03 21:25:31', '2010-07-18 19:55:39'),
(22, 82, 'Even the Duchess was.', '1995-12-17 12:45:55', '2003-01-21 06:59:22'),
(23, 119, 'Lory, with a melancholy.', '1985-08-11 23:47:56', '2005-03-10 12:20:05'),
(24, 247, 'Alice was thoroughly.', '2013-11-29 15:14:50', '2019-02-01 03:54:40'),
(25, 50, 'White Rabbit read out.', '1977-08-07 09:55:01', '1992-06-12 18:17:27'),
(26, 117, 'For some minutes the.', '2007-05-05 01:19:41', '2019-03-04 03:22:08'),
(27, 96, 'Dodo suddenly called.', '1989-12-29 14:29:06', '2021-11-11 17:35:48'),
(28, 52, 'You gave us three or.', '1999-08-21 12:16:08', '2013-07-23 05:19:02'),
(29, 140, 'March Hare. \'Exactly.', '1984-04-21 21:10:56', '1986-09-25 15:28:05'),
(30, 121, 'They had a door leading.', '1991-04-17 13:06:06', '1994-03-30 14:06:29'),
(31, 204, 'Gryphon. \'Well, I never.', '1986-01-25 02:19:01', '2014-05-20 11:42:02'),
(32, 163, 'Lory. Alice replied in.', '1976-03-20 03:39:42', '1998-05-13 17:45:29'),
(33, 29, 'The question is, what.', '1975-05-28 12:48:14', '1994-06-13 13:07:52'),
(34, 266, 'Let me think: was I the.', '2000-08-09 12:12:10', '2008-02-14 04:24:44'),
(35, 112, 'Hatter said, turning to.', '1998-01-04 16:21:16', '2010-03-31 01:55:18'),
(36, 266, 'I am! But I\'d better.', '1993-04-23 16:41:59', '2015-03-31 14:37:19'),
(37, 278, 'By this time the Mouse.', '1978-01-26 06:03:59', '2013-03-12 00:12:54'),
(38, 30, 'MINE.\' The Queen smiled.', '1998-06-14 21:35:05', '2014-02-02 06:38:50'),
(39, 66, 'This time Alice waited.', '1995-10-20 02:47:04', '2008-06-04 13:31:59'),
(40, 146, 'ME, and told me you had.', '2005-04-18 13:43:48', '2006-11-25 16:57:05'),
(41, 78, 'Knave. The Knave shook.', '2019-04-04 19:00:25', '2021-02-12 06:42:45'),
(42, 13, 'Alice. \'Why, there they.', '1976-12-04 21:09:54', '2021-07-05 06:12:36'),
(43, 5, 'Alice could see, as she.', '1995-10-18 01:19:22', '2013-07-02 02:55:13'),
(44, 104, 'I\'m pleased, and wag my.', '2013-12-14 17:55:19', '2017-05-12 06:03:23'),
(45, 184, 'That your eye was as.', '2010-02-08 12:33:39', '2017-01-07 10:17:49'),
(46, 50, 'Mouse, do you know I\'m.', '2021-10-13 17:14:56', '2021-10-26 13:55:32'),
(47, 95, 'WAS a narrow escape!\'.', '1977-07-20 23:33:02', '1996-04-17 02:41:40'),
(48, 176, 'Lory positively refused.', '1988-11-25 17:27:32', '2013-08-01 00:36:53'),
(49, 108, 'And then, turning to.', '1998-04-06 19:09:16', '2007-02-18 13:40:46'),
(50, 107, 'Alice began, in rather.', '2010-07-26 03:07:34', '2011-04-09 09:26:54'),
(51, 87, 'What happened to you?.', '2012-06-17 05:33:10', '2019-11-28 04:35:44'),
(52, 206, 'Duck: \'it\'s generally a.', '1995-07-04 05:03:40', '1999-06-03 18:54:28'),
(53, 93, 'WAS no one listening.', '2010-12-26 00:02:06', '2018-04-25 22:39:20'),
(54, 13, 'King: \'leave out that.', '2008-09-30 01:03:27', '2015-10-21 23:59:28'),
(55, 113, 'Queen jumped up in a.', '1999-03-21 05:26:25', '2001-12-03 02:25:22'),
(56, 100, 'I can kick a little!\'.', '1987-04-02 00:17:25', '1999-04-24 13:02:46'),
(57, 189, 'So she went down on her.', '1977-12-02 14:13:52', '2004-01-18 14:07:24'),
(58, 2, 'I can listen all day to.', '1983-03-12 13:14:35', '1998-08-08 09:07:02'),
(59, 80, 'Dormouse indignantly.', '2016-07-11 22:44:59', '2020-08-23 07:02:59'),
(60, 254, 'And I declare it\'s too.', '1996-02-23 21:29:13', '2018-10-03 19:43:52'),
(61, 65, 'The first thing I\'ve.', '1992-02-10 09:05:39', '2008-08-04 04:32:37'),
(62, 34, 'Exactly as we were. My.', '2008-07-01 06:25:06', '2017-08-27 19:21:45'),
(63, 100, 'The Mock Turtle went.', '1993-05-11 00:05:40', '2004-02-11 12:05:42'),
(64, 29, 'I almost think I can.', '1987-05-19 01:20:27', '2013-10-06 10:21:00'),
(65, 158, 'I look like one, but it.', '1984-08-14 20:09:51', '2010-08-11 08:21:46'),
(66, 210, 'Hatter opened his eyes.', '1981-10-19 21:44:47', '1982-10-27 22:43:08'),
(67, 75, 'She\'ll get me executed.', '2021-08-18 04:38:55', '2022-03-16 19:42:48'),
(68, 241, 'Duchess; \'and most of.', '2017-07-07 21:15:38', '2020-06-29 23:18:24'),
(69, 206, 'Tortoise because he was.', '1987-07-02 22:03:05', '1998-09-26 02:57:17'),
(70, 248, 'Alice, as she went down.', '1989-04-11 21:06:44', '2022-08-12 10:39:38'),
(71, 254, 'Hatter. \'Nor I,\' said.', '1998-03-04 22:00:16', '2018-03-27 17:03:34'),
(72, 120, 'Everybody looked at her.', '1977-01-28 21:53:26', '1986-07-02 00:48:02'),
(73, 16, 'Very soon the Rabbit.', '1987-07-22 21:14:53', '1988-01-20 12:40:08'),
(74, 44, 'Alice as it could go.', '1975-09-01 10:58:17', '2016-03-29 11:04:48'),
(75, 99, 'Gryphon. \'They can\'t.', '1976-12-22 15:29:28', '2002-09-14 07:24:03'),
(76, 197, 'Alice, and she hurried.', '1976-05-02 11:10:39', '2012-04-21 13:11:04'),
(77, 114, 'D,\' she added in a tone.', '1983-09-10 03:04:57', '1984-11-30 16:08:52'),
(78, 95, 'Alice; \'I might as well.', '1993-10-13 15:50:25', '2019-03-21 12:26:26'),
(79, 120, 'Alice was so large a.', '2007-12-05 19:01:07', '2020-04-28 12:40:00'),
(80, 197, 'Alice; \'but when you.', '2015-11-22 17:46:55', '2020-03-07 12:57:25'),
(81, 115, 'Oh, I shouldn\'t want.', '2001-09-20 04:00:44', '2016-02-15 19:01:26'),
(82, 204, 'The Fish-Footman began.', '2001-06-08 11:26:44', '2001-10-20 21:47:33'),
(83, 175, 'She was looking up into.', '1995-08-16 00:29:53', '2017-05-27 15:46:13'),
(84, 236, 'Gryphon, and, taking.', '1999-10-25 00:20:53', '2021-09-21 12:34:37'),
(85, 69, 'So she began fancying.', '1979-12-10 03:22:54', '1989-12-13 08:05:23'),
(86, 85, 'Lory and an old Crab.', '2004-10-13 21:09:51', '2018-10-09 21:27:11'),
(87, 5, 'King and the jury had a.', '2007-08-13 19:53:11', '2014-07-13 14:39:56'),
(88, 42, 'The March Hare had just.', '2020-08-19 08:40:17', '2021-05-16 07:48:53'),
(89, 147, 'Duchess. \'Everything\'s.', '2017-01-07 23:46:41', '2019-08-28 21:54:42'),
(90, 46, 'King replied. Here the.', '2004-05-08 05:53:55', '2004-09-28 13:00:29'),
(91, 56, 'Alice, whose thoughts.', '2004-07-27 20:34:59', '2021-09-25 12:29:08'),
(92, 207, 'Mock Turtle, \'Drive on.', '1996-06-23 09:51:38', '2002-02-10 21:03:41'),
(93, 29, 'Alice. \'Stand up and.', '1990-03-11 18:26:47', '2000-12-09 15:17:54'),
(94, 245, 'The chief difficulty.', '1976-04-18 14:55:40', '2017-03-06 08:12:21'),
(95, 159, 'Off--\' \'Nonsense!\' said.', '2014-12-24 03:13:56', '2018-04-07 12:45:37'),
(96, 128, 'Alice thought she had.', '2016-12-08 08:59:38', '2018-03-04 16:46:10'),
(97, 59, 'Mouse, frowning, but.', '2013-09-16 13:50:05', '2019-02-17 19:06:06'),
(98, 182, 'I wish you were me?\'.', '1994-06-02 14:05:19', '1999-05-29 09:28:44'),
(99, 28, 'Only I don\'t want YOU.', '1997-02-06 08:29:29', '2009-09-16 19:02:34'),
(100, 237, 'But if I\'m not myself.', '1989-11-02 22:47:07', '1996-11-22 12:41:38'),
(101, 48, 'Him, and ourselves, and.', '2005-10-12 16:39:15', '2018-06-18 01:05:58'),
(102, 176, 'Alice after it, and on.', '1989-07-18 15:48:42', '2011-06-14 20:51:13'),
(103, 263, 'The Mouse only shook.', '2016-09-30 02:06:19', '2018-02-15 01:15:41'),
(104, 23, 'Alice began to tremble.', '2012-05-28 09:35:56', '2022-03-30 07:16:57'),
(105, 233, 'Dormouse. \'Don\'t talk.', '1990-06-15 15:23:06', '2008-12-03 15:37:17'),
(106, 62, 'Alice. \'Well, I never.', '1987-12-31 09:13:44', '2020-11-11 04:22:57'),
(107, 51, 'Was kindly permitted to.', '2013-11-26 22:13:30', '2018-04-12 09:22:59'),
(108, 154, 'King; and as the White.', '1984-12-20 20:09:13', '1989-10-22 12:52:34'),
(109, 263, 'I can remember feeling.', '1992-04-06 02:26:42', '2007-07-17 23:58:15'),
(110, 76, 'Allow me to introduce.', '2002-09-04 21:48:23', '2015-12-07 11:20:33'),
(111, 250, 'SHE, of course,\' said.', '1993-03-15 12:31:55', '2019-03-29 16:29:43'),
(112, 149, 'TWO little shrieks, and.', '2008-11-09 02:33:09', '2013-04-02 19:35:00'),
(113, 225, 'I don\'t keep the same.', '1992-06-03 10:11:47', '1995-07-09 21:07:29'),
(114, 58, 'Hardly knowing what she.', '1995-05-08 16:59:10', '2018-09-16 22:52:25'),
(115, 272, 'Silence all round, if.', '1988-01-06 21:26:20', '2010-12-30 04:47:51'),
(116, 56, 'Hatter, who turned pale.', '2007-04-05 03:24:05', '2020-07-10 17:36:05'),
(117, 265, 'I find a thing,\' said.', '1979-01-13 10:57:23', '2014-04-28 14:14:55'),
(118, 136, 'ME\' were beautifully.', '2000-03-02 18:22:56', '2008-02-02 12:20:47'),
(119, 272, 'Mouse, getting up and.', '1981-06-25 06:15:00', '1988-08-14 11:24:48'),
(120, 100, 'Alice alone with the.', '1991-01-05 09:54:40', '2005-11-30 10:54:48'),
(121, 188, 'Tell us all about as.', '2003-11-21 05:44:08', '2005-10-29 23:01:10'),
(122, 156, 'Said the mouse to the.', '2003-04-20 08:27:22', '2013-09-12 05:11:46'),
(123, 139, 'There was exactly three.', '2008-07-08 05:58:55', '2021-01-11 02:42:23'),
(124, 273, 'Alice said to herself.', '2001-10-04 05:31:22', '2019-10-26 09:27:33'),
(125, 49, 'The Knave did so, and.', '2021-11-12 18:39:10', '2021-11-14 16:14:11'),
(126, 230, 'COULD grin.\' \'They all.', '1981-03-07 05:52:21', '1995-10-27 22:31:12'),
(127, 98, 'DON\'T know,\' said Alice.', '2002-02-23 03:50:29', '2014-12-09 17:51:33'),
(128, 75, 'March Hare,) \'--it was.', '1987-09-26 03:20:56', '1994-06-21 20:42:48'),
(129, 127, 'Alice had got its head.', '2019-06-29 18:11:00', '2021-09-29 01:29:10'),
(130, 173, 'Alice whispered to the.', '2011-04-07 05:15:12', '2016-03-15 11:04:21'),
(131, 270, 'Dodo said, \'EVERYBODY.', '1977-03-15 19:55:29', '2022-04-06 09:05:31'),
(132, 117, 'Alice laughed so much.', '1994-12-04 20:20:37', '2009-07-04 14:32:30'),
(133, 10, 'Alice went timidly up.', '2010-02-24 05:47:15', '2021-06-16 05:27:58'),
(134, 265, 'Alice. \'I\'ve so often.', '2014-03-04 18:48:49', '2020-07-25 16:42:16'),
(135, 150, 'Alice as he shook his.', '2017-06-24 04:24:44', '2020-02-24 04:59:40'),
(136, 17, 'I\'ll have you executed.', '2015-12-03 03:25:19', '2016-03-25 02:42:08'),
(137, 28, 'Panther received knife.', '2013-09-28 19:35:10', '2018-06-02 23:47:49'),
(138, 26, 'I eat one of them hit.', '1976-07-20 01:42:14', '2016-12-28 03:38:09'),
(139, 71, 'It sounded an excellent.', '1975-08-08 05:50:44', '1985-01-26 04:24:21'),
(140, 77, 'EVER happen in a great.', '1981-07-28 05:56:19', '2018-03-23 18:58:40'),
(141, 223, 'Gryphon at the thought.', '2006-06-14 14:22:20', '2007-04-07 02:33:23'),
(142, 57, 'Little Bill It was so.', '1976-10-28 03:34:45', '1983-04-21 20:46:22'),
(143, 72, 'She went on just as she.', '1976-05-27 12:30:31', '2012-10-28 23:37:00'),
(144, 273, 'Alice; \'I can\'t explain.', '1980-08-26 11:08:01', '2001-06-01 18:29:47'),
(145, 125, 'In the very tones of.', '2007-12-27 05:19:26', '2010-05-06 23:33:20'),
(146, 90, 'But there seemed to her.', '1976-10-20 08:01:16', '2001-05-31 08:30:50'),
(147, 20, 'Which shall sing?\' \'Oh.', '1998-06-06 04:10:21', '2021-11-09 13:00:06'),
(148, 119, 'Said his father; \'don\'t.', '2015-07-19 16:36:31', '2019-10-29 12:11:17'),
(149, 36, 'March Hare: she thought.', '1982-10-10 20:40:37', '2013-10-23 05:25:07'),
(150, 217, 'After a minute or two.', '2011-10-18 04:19:26', '2020-03-27 12:49:58'),
(151, 254, 'English. \'I don\'t quite.', '2010-03-19 22:10:23', '2016-11-05 23:47:42'),
(152, 61, 'Off with his nose, and.', '2016-09-22 18:55:41', '2021-08-15 17:37:19'),
(153, 95, 'Alice, that she wasn\'t.', '1980-05-26 09:15:56', '2002-08-15 14:46:45'),
(154, 48, 'These were the verses.', '2022-07-28 11:50:01', '2022-09-10 00:22:00'),
(155, 155, 'Alice (she was so long.', '2003-01-10 22:37:43', '2021-04-24 17:37:38'),
(156, 251, 'King said gravely, \'and.', '2020-09-20 21:52:10', '2021-04-05 04:33:17'),
(157, 50, 'Hatter. This piece of.', '2013-03-07 10:55:18', '2018-08-17 01:47:45'),
(158, 18, 'March Hare, who had not.', '2004-05-18 18:07:08', '2018-05-02 11:15:35'),
(159, 13, 'Alice knew it was very.', '1990-11-04 09:52:52', '2014-07-09 07:57:02'),
(160, 265, 'Duchess, it had some.', '1982-07-18 01:45:52', '2008-06-17 07:47:57'),
(161, 11, 'CHAPTER XI. Who Stole.', '1982-04-05 14:03:21', '1997-10-09 07:14:42'),
(162, 128, 'The poor little Lizard.', '2021-01-18 22:32:01', '2021-05-13 12:53:05'),
(163, 147, 'Gryphon, with a yelp of.', '2005-10-11 01:12:29', '2016-02-13 08:05:56'),
(164, 34, 'King. The White Rabbit.', '2002-06-02 06:57:23', '2010-04-16 00:42:51'),
(165, 152, 'HE taught us Drawling.', '2006-06-22 05:57:51', '2022-09-11 02:29:44'),
(166, 198, 'At this the whole court.', '2020-03-06 06:09:24', '2022-04-23 05:19:38'),
(167, 253, 'Dinah, if I shall have.', '2015-11-28 13:05:47', '2021-02-10 13:34:11'),
(168, 19, 'Miss, we\'re doing our.', '2011-07-24 01:39:16', '2020-01-09 11:56:46'),
(169, 84, 'I must, I must,\' the.', '1991-10-11 23:38:50', '1994-09-14 17:34:34'),
(170, 183, 'King. \'I can\'t explain.', '1987-01-23 21:15:06', '2021-05-12 03:25:09'),
(171, 152, 'Now I growl when I\'m.', '1996-09-12 04:54:36', '1996-12-17 02:25:18'),
(172, 189, 'White Rabbit, jumping.', '2006-03-01 23:19:28', '2022-07-27 01:30:21'),
(173, 124, 'MUST be more to do it!.', '1993-12-19 22:01:50', '1995-03-17 04:17:37'),
(174, 93, 'I wish you would seem.', '1983-01-22 21:29:03', '2020-05-22 15:08:40'),
(175, 133, 'Caterpillar. \'Well, I.', '1996-04-18 03:55:01', '2022-01-21 19:14:33'),
(176, 109, 'There was not going to.', '2013-09-28 19:20:08', '2013-12-24 09:14:41'),
(177, 84, 'Alice did not like to.', '1994-03-07 18:02:50', '2014-06-03 19:14:46'),
(178, 28, 'First, because I\'m on.', '1988-03-17 09:37:58', '2003-05-17 21:02:26'),
(179, 164, 'White Rabbit, \'but it.', '1993-04-10 03:58:24', '2016-11-11 08:57:07'),
(180, 48, 'White Rabbit returning.', '2020-01-10 15:16:17', '2022-06-08 08:19:31'),
(181, 132, 'White Rabbit cried out.', '2020-08-24 22:04:37', '2022-03-21 19:32:04'),
(182, 57, 'Hatter. \'I deny it!\'.', '1976-05-26 22:14:08', '2008-10-04 12:27:09'),
(183, 73, 'But if I\'m Mabel, I\'ll.', '2009-08-06 21:06:12', '2014-03-15 08:52:33'),
(184, 120, 'Alice was silent. The.', '1993-10-01 08:08:05', '2021-05-16 04:58:52'),
(185, 11, 'Alice as it is.\' \'Then.', '1996-02-26 06:33:55', '2011-01-22 14:39:44'),
(186, 122, 'Duck. \'Found IT,\' the.', '1996-08-30 11:11:47', '2009-09-04 05:42:28'),
(187, 191, 'Alice. \'Come on, then!\'.', '2007-12-29 14:59:50', '2013-07-23 02:32:38'),
(188, 156, 'Gryphon, and the cool.', '1990-06-18 09:41:02', '1991-09-26 11:05:48'),
(189, 249, 'The Gryphon sat up and.', '1979-05-20 14:57:26', '2015-07-03 09:55:33'),
(190, 17, 'I think that proved it.', '2005-05-19 13:22:57', '2015-11-26 11:43:04'),
(191, 24, 'Alice. \'I\'m a--I\'m a--\'.', '2014-12-26 09:16:34', '2019-11-21 12:20:12'),
(192, 106, 'Alice. \'I don\'t know.', '2003-07-17 00:00:27', '2006-11-14 19:13:13'),
(193, 76, 'Her chin was pressed.', '2005-01-27 23:58:09', '2010-07-28 18:22:49'),
(194, 16, 'All on a three-legged.', '1999-08-14 22:12:15', '2018-11-03 18:45:50'),
(195, 167, 'Pigeon. \'I can hardly.', '2001-01-15 15:20:17', '2012-10-30 18:27:12'),
(196, 76, 'I shall ever see you.', '2009-05-03 05:47:58', '2019-03-15 00:43:40'),
(197, 71, 'Sir, With no jury or.', '2014-08-16 19:50:06', '2015-03-30 23:12:41'),
(198, 262, 'Caucus-race.\' \'What IS.', '2021-04-24 01:30:08', '2021-11-04 15:05:10'),
(199, 117, 'Queen, and in a very.', '1985-02-20 19:30:45', '2015-01-05 23:08:28'),
(200, 223, 'BUSY BEE,\" but it is.\'.', '2015-08-02 04:01:29', '2019-08-02 10:28:28');

-- --------------------------------------------------------

--
-- Structure de la table `playlist_song`
--

DROP TABLE IF EXISTS `playlist_song`;
CREATE TABLE IF NOT EXISTS `playlist_song` (
  `playlist_id` int(11) NOT NULL,
  `song_id` int(11) NOT NULL,
  PRIMARY KEY (`playlist_id`,`song_id`),
  KEY `IDX_93F4D9C36BBD148` (`playlist_id`),
  KEY `IDX_93F4D9C3A0BDB2F3` (`song_id`)
) ENGINE=InnoDB;

--
-- Déchargement des données de la table `playlist_song`
--

INSERT INTO `playlist_song` (`playlist_id`, `song_id`) VALUES
(1, 15),
(1, 37),
(1, 78),
(1, 84),
(1, 116),
(1, 128),
(1, 129),
(1, 155),
(1, 169),
(1, 175),
(1, 186),
(1, 210),
(1, 242),
(1, 258),
(1, 264),
(1, 265),
(1, 331),
(1, 336),
(1, 349),
(1, 387),
(2, 29),
(2, 49),
(2, 53),
(2, 58),
(2, 62),
(2, 66),
(2, 68),
(2, 88),
(2, 104),
(2, 119),
(2, 140),
(2, 185),
(2, 195),
(2, 229),
(2, 289),
(2, 299),
(3, 3),
(3, 5),
(3, 11),
(3, 22),
(3, 53),
(3, 66),
(3, 76),
(3, 102),
(3, 123),
(3, 145),
(3, 150),
(3, 154),
(3, 156),
(3, 210),
(3, 214),
(3, 216),
(3, 247),
(3, 251),
(3, 262),
(3, 268),
(3, 292),
(3, 304),
(3, 320),
(3, 323),
(3, 361),
(3, 363),
(3, 367),
(3, 375),
(4, 28),
(4, 40),
(4, 76),
(4, 83),
(4, 106),
(4, 108),
(4, 140),
(4, 153),
(4, 156),
(4, 157),
(4, 277),
(4, 299),
(4, 312),
(4, 327),
(4, 346),
(4, 382),
(4, 386),
(5, 42),
(5, 66),
(5, 72),
(5, 108),
(5, 109),
(5, 121),
(5, 143),
(5, 173),
(5, 207),
(5, 232),
(5, 234),
(5, 247),
(5, 280),
(5, 281),
(5, 283),
(5, 294),
(5, 305),
(5, 312),
(5, 331),
(5, 390),
(5, 400),
(6, 4),
(6, 14),
(6, 61),
(6, 71),
(6, 101),
(6, 137),
(6, 159),
(6, 172),
(6, 189),
(6, 252),
(6, 271),
(6, 274),
(6, 281),
(6, 289),
(6, 292),
(6, 306),
(6, 314),
(6, 338),
(6, 382),
(6, 390),
(6, 394),
(7, 35),
(7, 52),
(7, 67),
(7, 76),
(7, 115),
(7, 120),
(7, 130),
(7, 156),
(7, 157),
(7, 158),
(7, 171),
(7, 187),
(7, 204),
(7, 238),
(7, 243),
(7, 254),
(7, 263),
(7, 264),
(7, 275),
(7, 277),
(7, 313),
(7, 324),
(7, 343),
(7, 376),
(7, 379),
(7, 386),
(7, 388),
(7, 394),
(8, 1),
(8, 40),
(8, 53),
(8, 112),
(8, 119),
(8, 130),
(8, 144),
(8, 153),
(8, 176),
(8, 186),
(8, 192),
(8, 204),
(8, 217),
(8, 229),
(8, 231),
(8, 252),
(8, 267),
(8, 279),
(8, 284),
(9, 4),
(9, 12),
(9, 152),
(9, 192),
(9, 207),
(9, 312),
(9, 327),
(10, 4),
(10, 22),
(10, 24),
(10, 27),
(10, 34),
(10, 40),
(10, 42),
(10, 54),
(10, 89),
(10, 94),
(10, 107),
(10, 119),
(10, 141),
(10, 143),
(10, 147),
(10, 159),
(10, 202),
(10, 221),
(10, 237),
(10, 281),
(10, 300),
(10, 301),
(10, 316),
(10, 343),
(10, 393),
(11, 7),
(11, 33),
(11, 35),
(11, 46),
(11, 80),
(11, 83),
(11, 107),
(11, 112),
(11, 117),
(11, 131),
(11, 158),
(11, 166),
(11, 176),
(11, 196),
(11, 272),
(11, 276),
(11, 281),
(11, 284),
(11, 322),
(11, 331),
(11, 336),
(11, 357),
(11, 395),
(11, 396),
(12, 49),
(12, 60),
(12, 66),
(12, 101),
(12, 103),
(12, 117),
(12, 138),
(12, 147),
(12, 154),
(12, 185),
(12, 201),
(12, 202),
(12, 213),
(12, 234),
(12, 237),
(12, 244),
(12, 258),
(12, 276),
(12, 281),
(12, 282),
(12, 286),
(12, 318),
(12, 321),
(12, 326),
(12, 331),
(12, 352),
(12, 356),
(12, 359),
(12, 379),
(12, 383),
(12, 392),
(12, 393),
(13, 9),
(13, 18),
(13, 36),
(13, 52),
(13, 68),
(13, 130),
(13, 147),
(13, 172),
(13, 211),
(13, 219),
(13, 238),
(13, 272),
(13, 310),
(13, 320),
(13, 331),
(13, 338),
(14, 5),
(14, 48),
(14, 120),
(14, 162),
(14, 209),
(14, 230),
(14, 264),
(14, 278),
(15, 2),
(15, 4),
(15, 6),
(15, 10),
(15, 11),
(15, 14),
(15, 24),
(15, 32),
(15, 92),
(15, 99),
(15, 101),
(15, 116),
(15, 117),
(15, 122),
(15, 128),
(15, 156),
(15, 219),
(15, 243),
(15, 247),
(15, 249),
(15, 279),
(15, 293),
(15, 334),
(15, 361),
(15, 385),
(15, 396),
(16, 23),
(16, 63),
(16, 64),
(16, 100),
(16, 117),
(16, 122),
(16, 134),
(16, 143),
(16, 147),
(16, 181),
(16, 205),
(16, 236),
(16, 254),
(16, 286),
(16, 288),
(16, 293),
(16, 299),
(16, 316),
(16, 372),
(16, 390),
(17, 30),
(17, 48),
(17, 69),
(17, 97),
(17, 99),
(17, 108),
(17, 122),
(17, 130),
(17, 199),
(17, 205),
(17, 213),
(17, 236),
(17, 255),
(17, 266),
(17, 285),
(17, 318),
(17, 320),
(17, 349),
(17, 387),
(17, 391),
(18, 20),
(18, 46),
(18, 56),
(18, 58),
(18, 65),
(18, 79),
(18, 85),
(18, 103),
(18, 115),
(18, 125),
(18, 134),
(18, 172),
(18, 196),
(18, 220),
(18, 228),
(18, 243),
(18, 247),
(18, 269),
(18, 281),
(18, 297),
(18, 303),
(18, 308),
(18, 322),
(18, 335),
(18, 350),
(18, 376),
(18, 390),
(18, 391),
(18, 399),
(19, 27),
(19, 37),
(19, 40),
(19, 43),
(19, 46),
(19, 57),
(19, 61),
(19, 63),
(19, 107),
(19, 109),
(19, 142),
(19, 150),
(19, 163),
(19, 164),
(19, 173),
(19, 183),
(19, 202),
(19, 220),
(19, 229),
(19, 237),
(19, 239),
(19, 267),
(19, 300),
(19, 303),
(19, 304),
(19, 336),
(19, 358),
(19, 360),
(19, 363),
(19, 370),
(19, 375),
(19, 378),
(19, 383),
(19, 386),
(19, 394),
(20, 22),
(20, 28),
(20, 42),
(20, 58),
(20, 64),
(20, 72),
(20, 81),
(20, 85),
(20, 95),
(20, 97),
(20, 98),
(20, 104),
(20, 121),
(20, 129),
(20, 131),
(20, 146),
(20, 168),
(20, 170),
(20, 233),
(20, 260),
(20, 293),
(20, 318),
(20, 325),
(20, 335),
(20, 349),
(20, 358),
(20, 384),
(20, 386),
(20, 400),
(21, 2),
(21, 90),
(21, 118),
(21, 119),
(21, 145),
(21, 148),
(21, 167),
(21, 172),
(21, 183),
(21, 186),
(21, 199),
(21, 210),
(21, 226),
(21, 244),
(21, 256),
(21, 281),
(21, 286),
(21, 296),
(21, 297),
(21, 314),
(21, 323),
(21, 324),
(21, 358),
(21, 379),
(21, 397),
(22, 2),
(22, 14),
(22, 22),
(22, 28),
(22, 42),
(22, 47),
(22, 52),
(22, 60),
(22, 61),
(22, 78),
(22, 83),
(22, 108),
(22, 118),
(22, 119),
(22, 149),
(22, 157),
(22, 175),
(22, 182),
(22, 188),
(22, 201),
(22, 213),
(22, 220),
(22, 237),
(22, 239),
(22, 244),
(22, 250),
(22, 260),
(22, 268),
(22, 269),
(22, 275),
(22, 314),
(22, 335),
(22, 350),
(22, 359),
(22, 388),
(23, 9),
(23, 40),
(23, 53),
(23, 54),
(23, 60),
(23, 89),
(23, 123),
(23, 127),
(23, 128),
(23, 144),
(23, 171),
(23, 240),
(23, 270),
(23, 271),
(23, 306),
(23, 314),
(23, 321),
(23, 329),
(23, 332),
(23, 343),
(23, 346),
(23, 393),
(24, 19),
(24, 154),
(24, 217),
(24, 232),
(24, 261),
(24, 275),
(24, 286),
(24, 331),
(25, 7),
(25, 18),
(25, 43),
(25, 53),
(25, 71),
(25, 87),
(25, 100),
(25, 117),
(25, 127),
(25, 128),
(25, 135),
(25, 141),
(25, 146),
(25, 150),
(25, 159),
(25, 175),
(25, 186),
(25, 192),
(25, 221),
(25, 233),
(25, 236),
(25, 271),
(25, 276),
(25, 292),
(25, 307),
(25, 325),
(25, 334),
(25, 340),
(25, 341),
(25, 366),
(25, 374),
(25, 375),
(25, 387),
(25, 396),
(26, 17),
(26, 28),
(26, 31),
(26, 95),
(26, 120),
(26, 139),
(26, 148),
(26, 164),
(26, 183),
(26, 200),
(26, 214),
(26, 217),
(26, 249),
(26, 252),
(26, 261),
(26, 317),
(26, 322),
(26, 331),
(26, 353),
(26, 358),
(27, 34),
(27, 38),
(27, 42),
(27, 50),
(27, 67),
(27, 92),
(27, 94),
(27, 96),
(27, 111),
(27, 129),
(27, 150),
(27, 159),
(27, 197),
(27, 205),
(27, 247),
(27, 303),
(27, 309),
(27, 315),
(27, 324),
(27, 346),
(27, 361),
(27, 364),
(27, 390),
(28, 28),
(28, 46),
(28, 101),
(28, 105),
(28, 111),
(28, 114),
(28, 169),
(28, 196),
(28, 207),
(28, 224),
(28, 232),
(28, 261),
(28, 274),
(28, 275),
(28, 308),
(28, 343),
(28, 376),
(28, 396),
(29, 2),
(29, 9),
(29, 12),
(29, 16),
(29, 33),
(29, 38),
(29, 55),
(29, 63),
(29, 81),
(29, 82),
(29, 108),
(29, 149),
(29, 153),
(29, 157),
(29, 159),
(29, 166),
(29, 168),
(29, 174),
(29, 186),
(29, 190),
(29, 203),
(29, 205),
(29, 207),
(29, 228),
(29, 233),
(29, 242),
(29, 270),
(29, 303),
(29, 307),
(29, 325),
(29, 329),
(29, 331),
(29, 334),
(29, 340),
(29, 347),
(29, 349),
(29, 379),
(29, 393),
(30, 8),
(30, 20),
(30, 22),
(30, 25),
(30, 44),
(30, 54),
(30, 67),
(30, 78),
(30, 83),
(30, 109),
(30, 115),
(30, 117),
(30, 121),
(30, 126),
(30, 141),
(30, 164),
(30, 174),
(30, 190),
(30, 198),
(30, 211),
(30, 233),
(30, 243),
(30, 247),
(30, 252),
(30, 254),
(30, 259),
(30, 262),
(30, 270),
(30, 291),
(30, 296),
(30, 303),
(30, 354),
(30, 364),
(30, 378),
(30, 385),
(30, 388),
(31, 10),
(31, 21),
(31, 67),
(31, 106),
(31, 144),
(31, 166),
(31, 254),
(31, 272),
(31, 342),
(31, 347),
(31, 370),
(32, 10),
(32, 33),
(32, 44),
(32, 70),
(32, 89),
(32, 98),
(32, 100),
(32, 104),
(32, 105),
(32, 106),
(32, 107),
(32, 114),
(32, 138),
(32, 148),
(32, 189),
(32, 192),
(32, 200),
(32, 216),
(32, 222),
(32, 223),
(32, 228),
(32, 252),
(32, 253),
(32, 262),
(32, 264),
(32, 286),
(32, 290),
(32, 298),
(32, 300),
(32, 310),
(32, 323),
(32, 340),
(32, 345),
(32, 348),
(32, 356),
(32, 382),
(33, 42),
(33, 57),
(33, 69),
(33, 77),
(33, 141),
(33, 169),
(33, 245),
(33, 268),
(33, 270),
(33, 286),
(33, 316),
(33, 385),
(33, 400),
(34, 99),
(34, 154),
(34, 189),
(34, 202),
(34, 219),
(34, 270),
(34, 275),
(34, 312),
(34, 328),
(34, 340),
(35, 3),
(35, 31),
(35, 44),
(35, 47),
(35, 57),
(35, 87),
(35, 94),
(35, 95),
(35, 136),
(35, 141),
(35, 169),
(35, 244),
(35, 248),
(35, 257),
(35, 273),
(35, 292),
(35, 309),
(35, 314),
(35, 325),
(35, 376),
(35, 390),
(36, 29),
(36, 46),
(36, 80),
(36, 103),
(36, 131),
(36, 167),
(36, 202),
(36, 206),
(36, 239),
(36, 241),
(36, 252),
(36, 282),
(36, 325),
(36, 329),
(36, 336),
(36, 350),
(36, 381),
(37, 14),
(37, 22),
(37, 30),
(37, 44),
(37, 67),
(37, 78),
(37, 108),
(37, 118),
(37, 136),
(37, 148),
(37, 174),
(37, 189),
(37, 213),
(37, 232),
(37, 253),
(37, 266),
(37, 359),
(37, 372),
(37, 381),
(38, 4),
(38, 48),
(38, 71),
(38, 86),
(38, 98),
(38, 102),
(38, 109),
(38, 120),
(38, 136),
(38, 144),
(38, 145),
(38, 152),
(38, 165),
(38, 172),
(38, 208),
(38, 214),
(38, 219),
(38, 226),
(38, 231),
(38, 236),
(38, 243),
(38, 273),
(38, 283),
(38, 286),
(38, 295),
(38, 320),
(38, 328),
(38, 334),
(38, 335),
(38, 348),
(38, 352),
(38, 381),
(39, 175),
(39, 209),
(39, 296),
(39, 307),
(39, 354),
(40, 6),
(40, 23),
(40, 78),
(40, 89),
(40, 114),
(40, 121),
(40, 173),
(40, 213),
(40, 251),
(40, 282),
(40, 283),
(40, 348),
(40, 384),
(41, 10),
(41, 25),
(41, 44),
(41, 98),
(41, 133),
(41, 157),
(41, 179),
(41, 204),
(41, 226),
(41, 228),
(41, 232),
(41, 237),
(41, 244),
(41, 247),
(41, 250),
(41, 267),
(41, 268),
(41, 269),
(41, 317),
(41, 347),
(41, 348),
(41, 354),
(41, 363),
(42, 6),
(42, 11),
(42, 38),
(42, 69),
(42, 77),
(42, 83),
(42, 106),
(42, 151),
(42, 159),
(42, 164),
(42, 166),
(42, 168),
(42, 182),
(42, 189),
(42, 200),
(42, 202),
(42, 207),
(42, 230),
(42, 243),
(42, 283),
(42, 299),
(42, 330),
(42, 336),
(42, 357),
(42, 364),
(42, 371),
(43, 14),
(43, 233),
(43, 330),
(43, 341),
(43, 390),
(44, 8),
(44, 37),
(44, 52),
(44, 96),
(44, 141),
(44, 148),
(44, 167),
(44, 176),
(44, 188),
(44, 189),
(44, 192),
(44, 217),
(44, 234),
(44, 240),
(44, 287),
(44, 313),
(44, 332),
(44, 364),
(44, 366),
(44, 393),
(44, 395),
(45, 60),
(45, 77),
(45, 88),
(45, 107),
(45, 156),
(45, 216),
(45, 259),
(45, 283),
(45, 358),
(46, 4),
(46, 20),
(46, 24),
(46, 35),
(46, 55),
(46, 65),
(46, 101),
(46, 119),
(46, 123),
(46, 126),
(46, 147),
(46, 150),
(46, 197),
(46, 202),
(46, 217),
(46, 232),
(46, 239),
(46, 240),
(46, 246),
(46, 257),
(46, 259),
(46, 277),
(46, 306),
(46, 313),
(46, 314),
(46, 325),
(46, 330),
(46, 333),
(46, 335),
(46, 361),
(46, 365),
(46, 376),
(46, 382),
(46, 395),
(46, 400),
(47, 8),
(47, 31),
(47, 76),
(47, 124),
(47, 128),
(47, 164),
(47, 192),
(47, 199),
(47, 209),
(47, 212),
(47, 215),
(47, 232),
(47, 240),
(47, 257),
(47, 272),
(47, 287),
(47, 310),
(47, 325),
(47, 340),
(47, 343),
(47, 366),
(47, 367),
(47, 389),
(47, 391),
(47, 394),
(47, 395),
(47, 399),
(48, 16),
(48, 45),
(48, 51),
(48, 78),
(48, 105),
(48, 145),
(48, 149),
(48, 229),
(48, 259),
(48, 272),
(48, 286),
(48, 310),
(48, 330),
(48, 341),
(48, 385),
(49, 14),
(49, 24),
(49, 26),
(49, 29),
(49, 60),
(49, 74),
(49, 75),
(49, 83),
(49, 97),
(49, 116),
(49, 133),
(49, 181),
(49, 186),
(49, 201),
(49, 223),
(49, 245),
(49, 253),
(49, 260),
(49, 297),
(49, 332),
(49, 341),
(49, 343),
(49, 378),
(49, 397),
(50, 88),
(50, 132),
(50, 149),
(50, 187),
(50, 200),
(50, 244),
(50, 305),
(50, 345),
(50, 370),
(51, 46),
(51, 114),
(51, 125),
(51, 155),
(51, 157),
(51, 162),
(51, 217),
(51, 231),
(51, 250),
(51, 265),
(51, 288),
(51, 311),
(51, 319),
(51, 335),
(51, 372),
(51, 396),
(52, 100),
(52, 110),
(52, 112),
(52, 114),
(52, 121),
(52, 147),
(52, 178),
(52, 186),
(52, 190),
(52, 206),
(52, 214),
(52, 265),
(52, 292),
(52, 293),
(53, 19),
(53, 26),
(53, 32),
(53, 33),
(53, 65),
(53, 83),
(53, 98),
(53, 109),
(53, 123),
(53, 127),
(53, 128),
(53, 162),
(53, 191),
(53, 193),
(53, 200),
(53, 260),
(53, 334),
(53, 344),
(53, 386),
(54, 5),
(54, 23),
(54, 27),
(54, 52),
(54, 86),
(54, 87),
(54, 137),
(54, 138),
(54, 184),
(54, 198),
(54, 226),
(54, 241),
(54, 244),
(54, 251),
(54, 318),
(54, 335),
(54, 336),
(54, 340),
(54, 377),
(55, 12),
(55, 51),
(55, 79),
(55, 92),
(55, 113),
(55, 114),
(55, 115),
(55, 128),
(55, 188),
(55, 271),
(55, 335),
(55, 348),
(56, 65),
(56, 113),
(56, 116),
(56, 157),
(56, 171),
(56, 215),
(56, 309),
(56, 332),
(56, 341),
(56, 348),
(56, 384),
(57, 5),
(57, 6),
(57, 11),
(57, 19),
(57, 29),
(57, 30),
(57, 75),
(57, 98),
(57, 99),
(57, 101),
(57, 104),
(57, 111),
(57, 115),
(57, 160),
(57, 213),
(57, 215),
(57, 222),
(57, 259),
(57, 281),
(57, 294),
(57, 300),
(57, 344),
(57, 346),
(57, 347),
(57, 362),
(57, 365),
(57, 375),
(57, 377),
(58, 56),
(58, 184),
(58, 242),
(58, 256),
(58, 293),
(58, 370),
(59, 4),
(59, 6),
(59, 9),
(59, 20),
(59, 31),
(59, 56),
(59, 62),
(59, 64),
(59, 72),
(59, 86),
(59, 94),
(59, 124),
(59, 147),
(59, 148),
(59, 160),
(59, 162),
(59, 163),
(59, 166),
(59, 169),
(59, 171),
(59, 232),
(59, 242),
(59, 263),
(59, 295),
(59, 348),
(59, 356),
(59, 371),
(59, 375),
(59, 392),
(60, 70),
(60, 199),
(60, 209),
(60, 237),
(60, 304),
(60, 312),
(60, 325),
(60, 354),
(60, 364),
(61, 8),
(61, 37),
(61, 56),
(61, 73),
(61, 75),
(61, 105),
(61, 129),
(61, 142),
(61, 188),
(61, 190),
(61, 218),
(61, 369),
(62, 44),
(62, 60),
(62, 67),
(62, 85),
(62, 129),
(62, 130),
(62, 153),
(62, 209),
(62, 220),
(62, 239),
(62, 247),
(62, 256),
(62, 295),
(62, 325),
(62, 326),
(62, 338),
(62, 358),
(63, 46),
(63, 67),
(63, 161),
(63, 192),
(63, 220),
(63, 238),
(63, 303),
(63, 336),
(63, 367),
(63, 382),
(64, 7),
(64, 15),
(64, 19),
(64, 22),
(64, 25),
(64, 32),
(64, 50),
(64, 71),
(64, 132),
(64, 208),
(64, 289),
(64, 290),
(64, 303),
(64, 328),
(64, 354),
(65, 13),
(65, 16),
(65, 20),
(65, 80),
(65, 96),
(65, 104),
(65, 132),
(65, 169),
(65, 174),
(65, 176),
(65, 177),
(65, 184),
(65, 205),
(65, 213),
(65, 215),
(65, 254),
(65, 264),
(65, 287),
(65, 289),
(65, 293),
(65, 304),
(65, 343),
(65, 351),
(65, 360),
(66, 7),
(66, 14),
(66, 25),
(66, 27),
(66, 50),
(66, 72),
(66, 79),
(66, 83),
(66, 90),
(66, 99),
(66, 102),
(66, 132),
(66, 138),
(66, 144),
(66, 149),
(66, 163),
(66, 170),
(66, 234),
(66, 235),
(66, 244),
(66, 261),
(66, 265),
(66, 269),
(66, 310),
(66, 313),
(66, 337),
(66, 341),
(66, 361),
(66, 366),
(66, 368),
(66, 377),
(67, 10),
(67, 77),
(67, 105),
(67, 133),
(67, 138),
(67, 172),
(67, 173),
(67, 182),
(67, 189),
(67, 204),
(67, 270),
(67, 272),
(67, 303),
(67, 318),
(68, 15),
(68, 19),
(68, 25),
(68, 34),
(68, 48),
(68, 49),
(68, 61),
(68, 70),
(68, 81),
(68, 93),
(68, 101),
(68, 110),
(68, 111),
(68, 112),
(68, 124),
(68, 126),
(68, 127),
(68, 137),
(68, 157),
(68, 189),
(68, 197),
(68, 217),
(68, 219),
(68, 245),
(68, 255),
(68, 276),
(68, 296),
(68, 308),
(68, 311),
(68, 328),
(68, 337),
(68, 341),
(68, 342),
(68, 344),
(68, 374),
(68, 395),
(69, 4),
(69, 21),
(69, 23),
(69, 27),
(69, 51),
(69, 59),
(69, 61),
(69, 67),
(69, 137),
(69, 148),
(69, 159),
(69, 169),
(69, 176),
(69, 184),
(69, 185),
(69, 229),
(69, 240),
(69, 241),
(69, 246),
(69, 250),
(69, 273),
(69, 279),
(69, 287),
(69, 296),
(69, 303),
(69, 323),
(69, 335),
(69, 341),
(69, 369),
(69, 376),
(69, 387),
(69, 389),
(69, 390),
(70, 5),
(70, 22),
(70, 34),
(70, 44),
(70, 63),
(70, 68),
(70, 75),
(70, 110),
(70, 131),
(70, 144),
(70, 153),
(70, 183),
(70, 190),
(70, 234),
(70, 240),
(70, 251),
(70, 270),
(70, 289),
(70, 306),
(70, 315),
(70, 323),
(70, 324),
(70, 343),
(70, 346),
(70, 359),
(70, 371),
(70, 378),
(71, 5),
(71, 12),
(71, 18),
(71, 21),
(71, 42),
(71, 43),
(71, 47),
(71, 81),
(71, 84),
(71, 89),
(71, 94),
(71, 96),
(71, 111),
(71, 113),
(71, 150),
(71, 165),
(71, 173),
(71, 187),
(71, 189),
(71, 190),
(71, 197),
(71, 198),
(71, 211),
(71, 219),
(71, 225),
(71, 234),
(71, 235),
(71, 241),
(71, 258),
(71, 265),
(71, 266),
(71, 311),
(71, 358),
(71, 359),
(71, 379),
(71, 393),
(71, 397),
(71, 399),
(72, 23),
(72, 26),
(72, 40),
(72, 46),
(72, 72),
(72, 90),
(72, 101),
(72, 139),
(72, 156),
(72, 187),
(72, 189),
(72, 191),
(72, 193),
(72, 224),
(72, 233),
(72, 244),
(72, 255),
(72, 277),
(72, 278),
(72, 302),
(72, 307),
(72, 328),
(72, 329),
(72, 335),
(72, 354),
(72, 358),
(72, 364),
(72, 371),
(73, 5),
(73, 15),
(73, 21),
(73, 46),
(73, 65),
(73, 94),
(73, 141),
(73, 144),
(73, 152),
(73, 157),
(73, 261),
(73, 309),
(73, 315),
(73, 334),
(73, 353),
(74, 4),
(74, 44),
(74, 71),
(74, 115),
(74, 246),
(75, 11),
(75, 17),
(75, 40),
(75, 46),
(75, 48),
(75, 53),
(75, 54),
(75, 68),
(75, 78),
(75, 84),
(75, 103),
(75, 114),
(75, 141),
(75, 152),
(75, 164),
(75, 166),
(75, 176),
(75, 179),
(75, 191),
(75, 199),
(75, 224),
(75, 233),
(75, 237),
(75, 245),
(75, 263),
(75, 277),
(75, 281),
(75, 282),
(75, 312),
(75, 327),
(75, 334),
(75, 394),
(76, 14),
(76, 25),
(76, 41),
(76, 61),
(76, 81),
(76, 84),
(76, 104),
(76, 110),
(76, 124),
(76, 168),
(76, 171),
(76, 173),
(76, 181),
(76, 252),
(76, 258),
(76, 261),
(76, 268),
(76, 278),
(76, 300),
(76, 334),
(76, 339),
(76, 360),
(76, 372),
(76, 375),
(76, 399),
(77, 8),
(77, 19),
(77, 33),
(77, 56),
(77, 59),
(77, 65),
(77, 79),
(77, 84),
(77, 95),
(77, 96),
(77, 101),
(77, 123),
(77, 135),
(77, 136),
(77, 145),
(77, 152),
(77, 174),
(77, 181),
(77, 218),
(77, 226),
(77, 227),
(77, 236),
(77, 241),
(77, 252),
(77, 269),
(77, 277),
(77, 302),
(77, 309),
(77, 334),
(77, 341),
(77, 346),
(77, 368),
(77, 382),
(77, 389),
(77, 395),
(78, 3),
(78, 26),
(78, 29),
(78, 43),
(78, 64),
(78, 124),
(78, 137),
(78, 151),
(78, 166),
(78, 181),
(78, 189),
(78, 217),
(78, 219),
(78, 255),
(78, 258),
(78, 275),
(78, 281),
(78, 285),
(78, 353),
(78, 356),
(78, 397),
(78, 399),
(79, 6),
(79, 137),
(79, 150),
(79, 161),
(79, 167),
(79, 215),
(79, 222),
(79, 227),
(79, 231),
(79, 236),
(79, 267),
(79, 279),
(79, 316),
(79, 353),
(79, 373),
(79, 398),
(80, 18),
(80, 23),
(80, 53),
(80, 90),
(80, 107),
(80, 127),
(80, 198),
(80, 200),
(80, 234),
(80, 270),
(80, 299),
(80, 306),
(80, 374),
(80, 379),
(81, 3),
(81, 13),
(81, 19),
(81, 24),
(81, 25),
(81, 28),
(81, 39),
(81, 48),
(81, 62),
(81, 88),
(81, 92),
(81, 94),
(81, 124),
(81, 140),
(81, 167),
(81, 171),
(81, 179),
(81, 193),
(81, 196),
(81, 197),
(81, 220),
(81, 227),
(81, 243),
(81, 252),
(81, 270),
(81, 271),
(81, 279),
(81, 326),
(81, 345),
(81, 358),
(81, 359),
(81, 367),
(81, 371),
(81, 374),
(81, 375),
(81, 385),
(81, 388),
(81, 397),
(82, 8),
(82, 37),
(82, 53),
(82, 76),
(82, 143),
(82, 243),
(82, 267),
(82, 361),
(82, 368),
(83, 9),
(83, 32),
(83, 44),
(83, 45),
(83, 79),
(83, 117),
(83, 132),
(83, 158),
(83, 164),
(83, 207),
(83, 210),
(83, 241),
(83, 247),
(83, 249),
(83, 252),
(83, 254),
(83, 321),
(83, 353),
(83, 357),
(83, 385),
(83, 390),
(84, 66),
(84, 82),
(84, 116),
(84, 157),
(84, 176),
(84, 182),
(84, 205),
(84, 208),
(84, 209),
(84, 220),
(84, 221),
(84, 230),
(84, 270),
(84, 273),
(84, 299),
(84, 303),
(84, 304),
(84, 336),
(84, 390),
(85, 15),
(85, 16),
(85, 18),
(85, 19),
(85, 26),
(85, 68),
(85, 125),
(85, 150),
(85, 152),
(85, 156),
(85, 180),
(85, 221),
(85, 238),
(85, 241),
(85, 242),
(85, 246),
(85, 248),
(85, 262),
(85, 281),
(85, 289),
(85, 292),
(85, 323),
(85, 330),
(85, 346),
(85, 375),
(85, 399),
(86, 79),
(86, 114),
(86, 116),
(86, 137),
(86, 209),
(86, 226),
(86, 235),
(86, 252),
(86, 276),
(86, 281),
(86, 305),
(86, 325),
(86, 345),
(86, 366),
(87, 11),
(87, 12),
(87, 15),
(87, 44),
(87, 61),
(87, 67),
(87, 98),
(87, 105),
(87, 124),
(87, 154),
(87, 166),
(87, 217),
(87, 238),
(87, 248),
(87, 274),
(87, 280),
(87, 312),
(87, 332),
(87, 379),
(88, 2),
(88, 11),
(88, 76),
(88, 147),
(88, 179),
(88, 185),
(88, 189),
(88, 209),
(88, 220),
(88, 262),
(88, 346),
(88, 362),
(88, 395),
(88, 399),
(89, 3),
(89, 17),
(89, 82),
(89, 86),
(89, 89),
(89, 92),
(89, 103),
(89, 105),
(89, 112),
(89, 121),
(89, 122),
(89, 145),
(89, 148),
(89, 163),
(89, 170),
(89, 197),
(89, 204),
(89, 222),
(89, 241),
(89, 256),
(89, 269),
(89, 284),
(89, 316),
(89, 319),
(89, 327),
(89, 341),
(89, 346),
(89, 359),
(89, 369),
(89, 373),
(89, 374),
(89, 377),
(89, 383),
(89, 390),
(89, 392),
(90, 19),
(90, 33),
(90, 48),
(90, 134),
(90, 141),
(90, 157),
(90, 165),
(90, 194),
(90, 199),
(90, 228),
(90, 243),
(90, 245),
(90, 250),
(90, 257),
(90, 262),
(90, 266),
(90, 289),
(90, 293),
(90, 314),
(90, 323),
(90, 351),
(90, 369),
(91, 12),
(91, 21),
(91, 26),
(91, 33),
(91, 38),
(91, 56),
(91, 58),
(91, 62),
(91, 65),
(91, 91),
(91, 96),
(91, 106),
(91, 114),
(91, 159),
(91, 181),
(91, 185),
(91, 227),
(91, 279),
(91, 281),
(91, 287),
(91, 288),
(91, 301),
(91, 323),
(91, 337),
(91, 340),
(91, 344),
(91, 363),
(91, 376),
(91, 393),
(91, 397),
(92, 6),
(92, 10),
(92, 40),
(92, 44),
(92, 71),
(92, 74),
(92, 76),
(92, 84),
(92, 87),
(92, 100),
(92, 104),
(92, 140),
(92, 169),
(92, 174),
(92, 178),
(92, 201),
(92, 218),
(92, 237),
(92, 259),
(92, 270),
(92, 289),
(92, 303),
(92, 321),
(92, 330),
(92, 341),
(92, 343),
(92, 353),
(92, 361),
(92, 364),
(92, 372),
(92, 374),
(92, 375),
(92, 376),
(92, 389),
(92, 392),
(93, 9),
(93, 30),
(93, 47),
(93, 94),
(93, 106),
(93, 127),
(93, 129),
(93, 176),
(93, 195),
(93, 203),
(93, 215),
(93, 218),
(93, 228),
(93, 231),
(93, 236),
(93, 240),
(93, 242),
(93, 248),
(93, 277),
(93, 279),
(93, 281),
(93, 306),
(93, 312),
(93, 321),
(93, 327),
(93, 346),
(93, 351),
(93, 352),
(93, 358),
(93, 380),
(94, 61),
(94, 173),
(94, 180),
(94, 182),
(94, 214),
(94, 249),
(94, 274),
(94, 344),
(94, 349),
(95, 67),
(95, 78),
(95, 102),
(95, 110),
(95, 129),
(95, 131),
(95, 147),
(95, 170),
(95, 172),
(95, 201),
(95, 214),
(95, 240),
(95, 247),
(95, 259),
(95, 284),
(95, 291),
(95, 297),
(95, 330),
(95, 365),
(95, 371),
(95, 384),
(96, 38),
(96, 73),
(96, 94),
(96, 110),
(96, 136),
(96, 142),
(96, 143),
(96, 180),
(96, 199),
(96, 243),
(96, 257),
(96, 270),
(96, 329),
(96, 364),
(96, 368),
(97, 7),
(97, 10),
(97, 27),
(97, 39),
(97, 67),
(97, 69),
(97, 86),
(97, 87),
(97, 89),
(97, 94),
(97, 102),
(97, 118),
(97, 120),
(97, 123),
(97, 133),
(97, 151),
(97, 162),
(97, 167),
(97, 188),
(97, 196),
(97, 216),
(97, 234),
(97, 245),
(97, 290),
(97, 313),
(97, 341),
(97, 362),
(97, 365),
(97, 381),
(98, 4),
(98, 6),
(98, 37),
(98, 46),
(98, 81),
(98, 91),
(98, 130),
(98, 133),
(98, 137),
(98, 145),
(98, 150),
(98, 158),
(98, 160),
(98, 168),
(98, 175),
(98, 189),
(98, 191),
(98, 252),
(98, 257),
(98, 263),
(98, 275),
(98, 303),
(98, 309),
(98, 322),
(98, 331),
(98, 332),
(98, 337),
(98, 373),
(98, 385),
(99, 15),
(99, 29),
(99, 35),
(99, 59),
(99, 112),
(99, 116),
(99, 129),
(99, 134),
(99, 149),
(99, 154),
(99, 196),
(99, 203),
(99, 211),
(99, 225),
(99, 233),
(99, 241),
(99, 266),
(99, 267),
(99, 276),
(99, 294),
(99, 298),
(99, 300),
(99, 352),
(99, 358),
(99, 365),
(100, 43),
(100, 44),
(100, 93),
(100, 107),
(100, 152),
(100, 230),
(100, 262),
(100, 283),
(100, 284),
(100, 290),
(100, 298),
(100, 318),
(101, 22),
(101, 43),
(101, 57),
(101, 79),
(101, 107),
(101, 125),
(101, 144),
(101, 154),
(101, 157),
(101, 162),
(101, 165),
(101, 184),
(101, 218),
(101, 228),
(101, 234),
(101, 241),
(101, 242),
(101, 247),
(101, 252),
(101, 260),
(101, 266),
(101, 278),
(101, 282),
(101, 325),
(101, 334),
(101, 342),
(101, 343),
(101, 354),
(101, 357),
(101, 365),
(101, 378),
(101, 379),
(101, 389),
(102, 2),
(102, 12),
(102, 36),
(102, 72),
(102, 81),
(102, 93),
(102, 95),
(102, 106),
(102, 199),
(102, 248),
(102, 285),
(102, 291),
(102, 351),
(102, 377),
(103, 4),
(103, 20),
(103, 31),
(103, 57),
(103, 91),
(103, 92),
(103, 104),
(103, 122),
(103, 125),
(103, 128),
(103, 143),
(103, 158),
(103, 163),
(103, 187),
(103, 205),
(103, 213),
(103, 251),
(103, 269),
(103, 289),
(103, 316),
(103, 330),
(103, 372),
(104, 17),
(104, 19),
(104, 54),
(104, 86),
(104, 96),
(104, 99),
(104, 114),
(104, 119),
(104, 127),
(104, 129),
(104, 138),
(104, 176),
(104, 177),
(104, 180),
(104, 199),
(104, 202),
(104, 227),
(104, 235),
(104, 253),
(104, 254),
(104, 257),
(104, 258),
(104, 264),
(104, 270),
(104, 272),
(104, 279),
(104, 289),
(104, 293),
(104, 308),
(104, 322),
(104, 351),
(104, 376),
(104, 400),
(105, 41),
(105, 43),
(105, 48),
(105, 61),
(105, 108),
(105, 110),
(105, 118),
(105, 127),
(105, 142),
(105, 165),
(105, 166),
(105, 208),
(105, 216),
(105, 227),
(105, 228),
(105, 244),
(105, 254),
(105, 272),
(105, 277),
(105, 291),
(105, 297),
(105, 299),
(105, 301),
(105, 312),
(105, 318),
(105, 325),
(105, 337),
(105, 365),
(106, 7),
(106, 18),
(106, 28),
(106, 41),
(106, 51),
(106, 53),
(106, 62),
(106, 65),
(106, 67),
(106, 73),
(106, 103),
(106, 116),
(106, 120),
(106, 127),
(106, 136),
(106, 147),
(106, 156),
(106, 159),
(106, 163),
(106, 164),
(106, 177),
(106, 190),
(106, 195),
(106, 211),
(106, 214),
(106, 216),
(106, 218),
(106, 222),
(106, 264),
(106, 266),
(106, 268),
(106, 284),
(106, 312),
(106, 350),
(106, 382),
(106, 384),
(106, 394),
(107, 15),
(107, 21),
(107, 63),
(107, 78),
(107, 102),
(107, 103),
(107, 255),
(107, 278),
(107, 292),
(107, 314),
(107, 330),
(108, 5),
(108, 11),
(108, 23),
(108, 30),
(108, 57),
(108, 60),
(108, 84),
(108, 86),
(108, 99),
(108, 152),
(108, 157),
(108, 164),
(108, 170),
(108, 197),
(108, 208),
(108, 229),
(108, 232),
(108, 233),
(108, 236),
(108, 239),
(108, 243),
(108, 245),
(108, 248),
(108, 255),
(108, 262),
(108, 265),
(108, 286),
(108, 289),
(108, 297),
(108, 323),
(108, 361),
(108, 376),
(109, 14),
(109, 15),
(109, 18),
(109, 53),
(109, 62),
(109, 86),
(109, 106),
(109, 116),
(109, 183),
(109, 197),
(109, 258),
(109, 265),
(109, 279),
(109, 287),
(109, 294),
(109, 305),
(109, 314),
(109, 315),
(109, 323),
(109, 360),
(109, 369),
(109, 379),
(110, 196),
(110, 210),
(110, 221),
(110, 299),
(110, 307),
(110, 330),
(110, 340),
(110, 388),
(111, 18),
(111, 31),
(111, 61),
(111, 69),
(111, 81),
(111, 114),
(111, 119),
(111, 136),
(111, 205),
(111, 215),
(111, 220),
(111, 240),
(111, 250),
(111, 256),
(111, 283),
(111, 300),
(111, 302),
(111, 315),
(111, 332),
(111, 374),
(111, 389),
(111, 391),
(111, 399),
(112, 1),
(112, 69),
(112, 75),
(112, 90),
(112, 91),
(112, 96),
(112, 103),
(112, 104),
(112, 121),
(112, 123),
(112, 124),
(112, 141),
(112, 145),
(112, 166),
(112, 178),
(112, 200),
(112, 203),
(112, 255),
(112, 259),
(112, 263),
(112, 268),
(112, 271),
(112, 287),
(112, 312),
(112, 333),
(112, 336),
(112, 337),
(112, 342),
(112, 365),
(112, 381),
(112, 382),
(113, 33),
(113, 103),
(113, 136),
(113, 183),
(113, 240),
(113, 347),
(113, 383),
(113, 394),
(114, 8),
(114, 13),
(114, 72),
(114, 86),
(114, 89),
(114, 106),
(114, 110),
(114, 111),
(114, 141),
(114, 151),
(114, 172),
(114, 206),
(114, 214),
(114, 217),
(114, 228),
(114, 235),
(114, 266),
(114, 271),
(114, 299),
(114, 318),
(114, 343),
(114, 351),
(114, 368),
(114, 369),
(114, 372),
(114, 379),
(114, 392),
(114, 399),
(115, 5),
(115, 40),
(115, 57),
(115, 69),
(115, 76),
(115, 86),
(115, 89),
(115, 103),
(115, 175),
(115, 193),
(115, 203),
(115, 224),
(115, 229),
(115, 230),
(115, 235),
(115, 237),
(115, 247),
(115, 248),
(115, 251),
(115, 271),
(115, 279),
(115, 287),
(115, 289),
(115, 294),
(115, 299),
(115, 340),
(115, 384),
(116, 24),
(116, 42),
(116, 47),
(116, 68),
(116, 85),
(116, 91),
(116, 101),
(116, 114),
(116, 120),
(116, 121),
(116, 129),
(116, 130),
(116, 192),
(116, 195),
(116, 207),
(116, 217),
(116, 250),
(116, 258),
(116, 259),
(116, 262),
(116, 264),
(116, 266),
(116, 275),
(116, 286),
(116, 298),
(116, 309),
(116, 313),
(116, 321),
(116, 358),
(116, 392),
(116, 394),
(116, 395),
(117, 15),
(117, 20),
(117, 22),
(117, 32),
(117, 37),
(117, 41),
(117, 43),
(117, 55),
(117, 65),
(117, 67),
(117, 82),
(117, 91),
(117, 122),
(117, 126),
(117, 146),
(117, 161),
(117, 176),
(117, 193),
(117, 223),
(117, 262),
(117, 269),
(117, 300),
(117, 312),
(117, 334),
(117, 337),
(117, 347),
(117, 393),
(118, 3),
(118, 7),
(118, 14),
(118, 19),
(118, 20),
(118, 66),
(118, 101),
(118, 105),
(118, 111),
(118, 124),
(118, 138),
(118, 145),
(118, 171),
(118, 184),
(118, 210),
(118, 214),
(118, 223),
(118, 224),
(118, 232),
(118, 237),
(118, 248),
(118, 271),
(118, 272),
(118, 276),
(118, 277),
(118, 291),
(118, 293),
(118, 300),
(118, 301),
(118, 302),
(118, 312),
(118, 318),
(118, 320),
(118, 324),
(118, 333),
(118, 340),
(118, 389),
(119, 76),
(119, 85),
(119, 163),
(119, 219),
(119, 220),
(119, 273),
(119, 342),
(119, 350),
(119, 377),
(120, 2),
(120, 29),
(120, 47),
(120, 52),
(120, 77),
(120, 87),
(120, 88),
(120, 97),
(120, 98),
(120, 152),
(120, 159),
(120, 171),
(120, 178),
(120, 181),
(120, 187),
(120, 193),
(120, 201),
(120, 224),
(120, 228),
(120, 245),
(120, 259),
(120, 279),
(120, 290),
(120, 303),
(120, 305),
(120, 329),
(120, 336),
(120, 338),
(120, 351),
(120, 366),
(120, 373),
(120, 377),
(120, 390),
(120, 393),
(120, 395),
(121, 19),
(121, 38),
(121, 51),
(121, 52),
(121, 56),
(121, 58),
(121, 76),
(121, 77),
(121, 91),
(121, 118),
(121, 119),
(121, 127),
(121, 137),
(121, 168),
(121, 172),
(121, 179),
(121, 191),
(121, 237),
(121, 256),
(121, 260),
(121, 281),
(121, 290),
(121, 336),
(121, 397),
(122, 9),
(122, 113),
(122, 120),
(122, 159),
(122, 168),
(122, 250),
(122, 264),
(122, 267),
(122, 272),
(122, 278),
(122, 316),
(122, 324),
(122, 332),
(122, 362),
(122, 377),
(122, 389),
(122, 390),
(122, 396),
(123, 69),
(123, 97),
(123, 105),
(123, 148),
(123, 152),
(123, 183),
(123, 195),
(123, 198),
(123, 208),
(123, 234),
(123, 251),
(123, 252),
(123, 253),
(123, 310),
(123, 334),
(123, 341),
(123, 350),
(123, 363),
(123, 367),
(123, 394),
(124, 1),
(124, 6),
(124, 39),
(124, 40),
(124, 43),
(124, 55),
(124, 60),
(124, 63),
(124, 65),
(124, 81),
(124, 84),
(124, 95),
(124, 121),
(124, 127),
(124, 147),
(124, 148),
(124, 177),
(124, 188),
(124, 195),
(124, 200),
(124, 210),
(124, 213),
(124, 219),
(124, 252),
(124, 259),
(124, 279),
(124, 306),
(124, 316),
(124, 323),
(124, 327),
(124, 330),
(124, 343),
(124, 386),
(124, 387),
(124, 395),
(125, 1),
(125, 10),
(125, 21),
(125, 80),
(125, 119),
(125, 121),
(125, 144),
(125, 152),
(125, 155),
(125, 161),
(125, 166),
(125, 230),
(125, 232),
(125, 233),
(125, 302),
(125, 305),
(125, 306),
(125, 317),
(125, 391),
(126, 16),
(126, 23),
(126, 28),
(126, 37),
(126, 74),
(126, 99),
(126, 102),
(126, 125),
(126, 131),
(126, 145),
(126, 146),
(126, 154),
(126, 163),
(126, 200),
(126, 209),
(126, 213),
(126, 215),
(126, 222),
(126, 223),
(126, 230),
(126, 250),
(126, 251),
(126, 253),
(126, 258),
(126, 270),
(126, 302),
(126, 313),
(126, 338),
(126, 341),
(126, 364),
(126, 367),
(126, 373),
(126, 375),
(126, 378),
(126, 384),
(126, 390),
(126, 398),
(127, 8),
(127, 24),
(127, 92),
(127, 114),
(127, 123),
(127, 147),
(127, 184),
(127, 188),
(127, 218),
(127, 233),
(127, 254),
(127, 274),
(127, 307),
(127, 329),
(127, 355),
(128, 9),
(128, 10),
(128, 29),
(128, 30),
(128, 35),
(128, 42),
(128, 80),
(128, 82),
(128, 88),
(128, 90),
(128, 143),
(128, 202),
(128, 277),
(128, 324),
(128, 400),
(129, 8),
(129, 19),
(129, 22),
(129, 51),
(129, 52),
(129, 62),
(129, 64),
(129, 69),
(129, 81),
(129, 83),
(129, 133),
(129, 178),
(129, 181),
(129, 195),
(129, 221),
(129, 228),
(129, 233),
(129, 236),
(129, 255),
(129, 281),
(129, 286),
(129, 291),
(129, 295),
(129, 335),
(129, 348),
(129, 381),
(130, 31),
(130, 38),
(130, 54),
(130, 56),
(130, 66),
(130, 76),
(130, 79),
(130, 100),
(130, 111),
(130, 151),
(130, 152),
(130, 184),
(130, 233),
(130, 250),
(130, 293),
(130, 297),
(130, 344),
(130, 396),
(131, 9),
(131, 25),
(131, 52),
(131, 72),
(131, 85),
(131, 118),
(131, 120),
(131, 128),
(131, 144),
(131, 163),
(131, 164),
(131, 167),
(131, 199),
(131, 219),
(131, 226),
(131, 231),
(132, 69),
(132, 87),
(132, 95),
(132, 96),
(132, 107),
(132, 109),
(132, 142),
(132, 173),
(132, 190),
(132, 191),
(132, 248),
(132, 249),
(132, 253),
(132, 259),
(132, 260),
(132, 315),
(132, 328),
(132, 335),
(132, 365),
(132, 385),
(133, 4),
(133, 5),
(133, 7),
(133, 14),
(133, 37),
(133, 38),
(133, 39),
(133, 41),
(133, 43),
(133, 44),
(133, 47),
(133, 56),
(133, 63),
(133, 67),
(133, 75),
(133, 113),
(133, 116),
(133, 117),
(133, 128),
(133, 160),
(133, 175),
(133, 184),
(133, 192),
(133, 225),
(133, 227),
(133, 266),
(133, 275),
(133, 288),
(133, 314),
(133, 315),
(133, 321),
(133, 324),
(133, 327),
(133, 333),
(133, 364),
(133, 379),
(134, 2),
(134, 17),
(134, 76),
(134, 78),
(134, 105),
(134, 117),
(134, 130),
(134, 132),
(134, 141),
(134, 144),
(134, 150),
(134, 152),
(134, 155),
(134, 158),
(134, 167),
(134, 172),
(134, 177),
(134, 207),
(134, 219),
(134, 234),
(134, 236),
(134, 254),
(134, 270),
(134, 283),
(134, 288),
(134, 301),
(134, 313),
(134, 314),
(134, 322),
(134, 328),
(134, 330),
(134, 344),
(134, 355),
(134, 375),
(134, 382),
(134, 388),
(135, 11),
(135, 13),
(135, 15),
(135, 136),
(135, 185),
(135, 186),
(135, 197),
(135, 227),
(135, 254),
(135, 290),
(135, 302),
(135, 309),
(135, 322),
(136, 5),
(136, 32),
(136, 89),
(136, 92),
(136, 138),
(136, 150),
(136, 156),
(136, 188),
(136, 190),
(136, 193),
(136, 200),
(136, 217),
(136, 218),
(136, 236),
(136, 250),
(136, 283),
(136, 288),
(136, 292),
(136, 295),
(136, 300),
(136, 323),
(136, 348),
(136, 380),
(136, 391),
(137, 6),
(137, 18),
(137, 79),
(137, 82),
(137, 92),
(137, 98),
(137, 111),
(137, 112),
(137, 128),
(137, 144),
(137, 146),
(137, 175),
(137, 202),
(137, 211),
(137, 215),
(137, 231),
(137, 234),
(137, 263),
(137, 265),
(137, 269),
(137, 274),
(137, 277),
(137, 330),
(137, 335),
(138, 6),
(138, 8),
(138, 13),
(138, 16),
(138, 24),
(138, 33),
(138, 39),
(138, 57),
(138, 76),
(138, 104),
(138, 106),
(138, 109),
(138, 112),
(138, 117),
(138, 130),
(138, 156),
(138, 159),
(138, 169),
(138, 172),
(138, 202),
(138, 204),
(138, 220),
(138, 224),
(138, 247),
(138, 255),
(138, 260),
(138, 264),
(138, 278),
(138, 287),
(138, 289),
(138, 297),
(138, 304),
(138, 326),
(138, 332),
(138, 333),
(138, 354),
(138, 359),
(138, 383),
(138, 384),
(139, 10),
(139, 21),
(139, 83),
(139, 85),
(139, 86),
(139, 114),
(139, 141),
(139, 169),
(139, 240),
(139, 254),
(139, 258),
(139, 268),
(139, 270),
(139, 319),
(139, 326),
(139, 333),
(139, 345),
(139, 361),
(139, 388),
(140, 31),
(140, 132),
(140, 133),
(140, 157),
(140, 166),
(140, 174),
(140, 206),
(140, 232),
(140, 233),
(140, 242),
(140, 295),
(140, 314),
(140, 357),
(140, 364),
(140, 394),
(141, 9),
(141, 18),
(141, 23),
(141, 25),
(141, 28),
(141, 40),
(141, 42),
(141, 52),
(141, 72),
(141, 88),
(141, 105),
(141, 106),
(141, 107),
(141, 123),
(141, 142),
(141, 143),
(141, 155),
(141, 157),
(141, 161),
(141, 164),
(141, 201),
(141, 207),
(141, 209),
(141, 232),
(141, 250),
(141, 257),
(141, 269),
(141, 276),
(141, 295),
(141, 298),
(141, 343),
(141, 358),
(141, 371),
(141, 396),
(142, 7),
(142, 22),
(142, 37),
(142, 57),
(142, 73),
(142, 75),
(142, 100),
(142, 118),
(142, 154),
(142, 190),
(142, 234),
(142, 243),
(142, 251),
(142, 303),
(142, 318),
(142, 324),
(142, 343),
(142, 344),
(142, 395),
(143, 17),
(143, 28),
(143, 72),
(143, 93),
(143, 124),
(143, 209),
(143, 256),
(143, 330),
(143, 347),
(143, 348),
(143, 363),
(144, 16),
(144, 17),
(144, 59),
(144, 62),
(144, 63),
(144, 101),
(144, 102),
(144, 104),
(144, 170),
(144, 179),
(144, 240),
(144, 250),
(144, 277),
(144, 306),
(144, 352),
(144, 361),
(145, 24),
(145, 26),
(145, 68),
(145, 70),
(145, 72),
(145, 75),
(145, 99),
(145, 118),
(145, 148),
(145, 154),
(145, 163),
(145, 170),
(145, 183),
(145, 185),
(145, 224),
(145, 236),
(145, 243),
(145, 244),
(145, 250),
(145, 257),
(145, 272),
(145, 274),
(145, 275),
(145, 280),
(145, 282),
(145, 297),
(145, 300),
(145, 319),
(145, 320),
(145, 327),
(145, 336),
(145, 347),
(145, 363),
(145, 368),
(145, 382),
(145, 389),
(145, 394),
(146, 2),
(146, 16),
(146, 68),
(146, 83),
(146, 107),
(146, 135),
(146, 144),
(146, 155),
(146, 264),
(146, 304),
(146, 356),
(146, 386),
(147, 84),
(147, 114),
(147, 136),
(147, 205),
(147, 268),
(147, 301),
(148, 4),
(148, 48),
(148, 63),
(148, 82),
(148, 145),
(148, 150),
(148, 290),
(148, 302),
(148, 328),
(148, 347),
(148, 399),
(149, 73),
(149, 144),
(149, 180),
(149, 308),
(149, 310),
(149, 359),
(149, 369),
(149, 397),
(150, 16),
(150, 45),
(150, 55),
(150, 117),
(150, 179),
(150, 180),
(150, 198),
(150, 205),
(150, 298),
(150, 302),
(150, 334),
(150, 368),
(150, 382),
(151, 4),
(151, 24),
(151, 25),
(151, 51),
(151, 95),
(151, 96),
(151, 105),
(151, 108),
(151, 109),
(151, 118),
(151, 135),
(151, 137),
(151, 141),
(151, 144),
(151, 159),
(151, 182),
(151, 195),
(151, 214),
(151, 217),
(151, 229),
(151, 230),
(151, 237),
(151, 246),
(151, 248),
(151, 250),
(151, 255),
(151, 277),
(151, 284),
(151, 295),
(151, 306),
(151, 321),
(151, 322),
(151, 326),
(151, 355),
(151, 394),
(151, 397),
(152, 2),
(152, 16),
(152, 20),
(152, 55),
(152, 81),
(152, 134),
(152, 159),
(152, 171),
(152, 178),
(152, 179),
(152, 180),
(152, 246),
(152, 249),
(152, 260),
(152, 287),
(152, 298),
(152, 332),
(152, 357),
(152, 393),
(153, 5),
(153, 60),
(153, 87),
(153, 88),
(153, 159),
(153, 338),
(154, 28),
(154, 48),
(154, 63),
(154, 64),
(154, 97),
(154, 126),
(154, 132),
(154, 160),
(154, 184),
(154, 202),
(154, 209),
(154, 220),
(154, 262),
(154, 273),
(154, 278),
(154, 300),
(154, 310),
(154, 344),
(154, 345),
(154, 357),
(154, 383),
(155, 77),
(155, 97),
(155, 172),
(155, 188),
(155, 205),
(155, 228),
(155, 296),
(155, 375),
(155, 379),
(156, 13),
(156, 33),
(156, 38),
(156, 42),
(156, 45),
(156, 76),
(156, 90),
(156, 100),
(156, 101),
(156, 110),
(156, 113),
(156, 120),
(156, 138),
(156, 142),
(156, 151),
(156, 168),
(156, 181),
(156, 185),
(156, 192),
(156, 206),
(156, 214),
(156, 251),
(156, 255),
(156, 269),
(156, 275),
(156, 279),
(156, 282),
(156, 293),
(156, 306),
(156, 314),
(156, 342),
(156, 345),
(156, 370),
(156, 378),
(156, 379),
(156, 393),
(156, 396),
(156, 398),
(157, 33),
(157, 34),
(157, 40),
(157, 50),
(157, 58),
(157, 62),
(157, 88),
(157, 97),
(157, 105),
(157, 111),
(157, 125),
(157, 141),
(157, 144),
(157, 166),
(157, 175),
(157, 211),
(157, 221),
(157, 222),
(157, 241),
(157, 251),
(157, 252),
(157, 284),
(157, 304),
(157, 305),
(157, 311),
(157, 317),
(157, 335),
(157, 338),
(157, 339),
(157, 360),
(157, 370),
(157, 371),
(157, 372),
(157, 382),
(157, 385),
(157, 388),
(157, 394),
(157, 396),
(158, 7),
(158, 28),
(158, 47),
(158, 55),
(158, 79),
(158, 145),
(158, 157),
(158, 177),
(158, 180),
(158, 206),
(158, 213),
(158, 235),
(158, 247),
(158, 252),
(158, 254),
(158, 263),
(158, 293),
(158, 305),
(158, 323),
(158, 329),
(158, 366),
(159, 72),
(159, 92),
(159, 113),
(159, 185),
(159, 190),
(159, 224),
(159, 226),
(159, 236),
(159, 249),
(159, 266),
(159, 282),
(159, 316),
(159, 318),
(160, 1),
(160, 12),
(160, 17),
(160, 56),
(160, 67),
(160, 68),
(160, 74),
(160, 90),
(160, 104),
(160, 119),
(160, 122),
(160, 125),
(160, 148),
(160, 177),
(160, 199),
(160, 225),
(160, 231),
(160, 243),
(160, 247),
(160, 254),
(160, 259),
(160, 262),
(160, 278),
(160, 293),
(160, 304),
(160, 305),
(160, 317),
(160, 341),
(160, 343),
(160, 364),
(160, 368),
(160, 375),
(161, 34),
(161, 54),
(161, 62),
(161, 73),
(161, 76),
(161, 77),
(161, 89),
(161, 99),
(161, 107),
(161, 114),
(161, 115),
(161, 118),
(161, 126),
(161, 127),
(161, 132),
(161, 167),
(161, 173),
(161, 189),
(161, 210),
(161, 242),
(161, 256),
(161, 260),
(161, 278),
(161, 279),
(161, 283),
(161, 287),
(161, 294),
(161, 306),
(161, 312),
(161, 322),
(161, 350),
(161, 358),
(161, 360),
(161, 366),
(161, 388),
(162, 101),
(162, 107),
(162, 141),
(162, 172),
(162, 314),
(162, 334),
(162, 342),
(162, 350),
(162, 372),
(163, 2),
(163, 10),
(163, 50),
(163, 56),
(163, 60),
(163, 71),
(163, 134),
(163, 174),
(163, 178),
(163, 203),
(163, 209),
(163, 237),
(163, 238),
(163, 249),
(163, 278),
(163, 296),
(163, 302),
(163, 303),
(163, 305),
(163, 309),
(163, 315),
(163, 318),
(163, 346),
(163, 350),
(163, 380),
(163, 391),
(164, 19),
(164, 22),
(164, 23),
(164, 28),
(164, 30),
(164, 48),
(164, 91),
(164, 94),
(164, 95),
(164, 120),
(164, 121),
(164, 126),
(164, 150),
(164, 178),
(164, 187),
(164, 190),
(164, 191),
(164, 215),
(164, 218),
(164, 220),
(164, 243),
(164, 244),
(164, 249),
(164, 266),
(164, 301),
(164, 302),
(164, 325),
(164, 333),
(164, 396),
(165, 47),
(165, 58),
(165, 91),
(165, 127),
(165, 131),
(165, 140),
(165, 151),
(165, 210),
(165, 257),
(165, 296),
(166, 18),
(166, 20),
(166, 55),
(166, 77),
(166, 125),
(166, 140),
(166, 152),
(166, 188),
(166, 200),
(166, 204),
(166, 206),
(166, 275),
(166, 285),
(167, 2),
(167, 4),
(167, 5),
(167, 37),
(167, 44),
(167, 45),
(167, 66),
(167, 80),
(167, 87),
(167, 113),
(167, 134),
(167, 144),
(167, 158),
(167, 162),
(167, 170),
(167, 173),
(167, 176),
(167, 179),
(167, 186),
(167, 196),
(167, 216),
(167, 218),
(167, 252),
(167, 262),
(167, 292),
(167, 303),
(167, 315),
(167, 335),
(167, 345),
(167, 358),
(168, 4),
(168, 39),
(168, 46),
(168, 68),
(168, 118),
(168, 123),
(168, 130),
(168, 159),
(168, 210),
(168, 219),
(168, 223),
(168, 225),
(168, 227),
(168, 268),
(168, 277),
(168, 286),
(168, 314),
(168, 333),
(168, 366),
(168, 368),
(168, 369),
(169, 39),
(169, 42),
(169, 85),
(169, 102),
(169, 104),
(169, 143),
(169, 174),
(169, 248),
(169, 280),
(169, 304),
(169, 312),
(170, 5),
(170, 26),
(170, 28),
(170, 31),
(170, 40),
(170, 42),
(170, 47),
(170, 49),
(170, 67),
(170, 77),
(170, 116),
(170, 131),
(170, 138),
(170, 145),
(170, 198),
(170, 199),
(170, 218),
(170, 229),
(170, 234),
(170, 251),
(170, 260),
(170, 265),
(170, 266),
(170, 268),
(170, 280),
(170, 289),
(170, 316),
(170, 327),
(170, 333),
(170, 334),
(170, 336),
(170, 356),
(170, 363),
(170, 366),
(170, 374),
(170, 388),
(170, 392),
(171, 3),
(171, 8),
(171, 10),
(171, 15),
(171, 20),
(171, 22),
(171, 43),
(171, 60),
(171, 92),
(171, 105),
(171, 132),
(171, 135),
(171, 136),
(171, 148),
(171, 151),
(171, 184),
(171, 202),
(171, 208),
(171, 217),
(171, 218),
(171, 228),
(171, 233),
(171, 242),
(171, 253),
(171, 275),
(171, 281),
(171, 294),
(171, 323),
(171, 332),
(171, 352),
(171, 355),
(171, 382),
(171, 384),
(171, 389),
(171, 399),
(172, 14),
(172, 18),
(172, 41),
(172, 58),
(172, 77),
(172, 86),
(172, 103),
(172, 109),
(172, 134),
(172, 144),
(172, 150),
(172, 154),
(172, 182),
(172, 187),
(172, 194),
(172, 200),
(172, 221),
(172, 245),
(172, 253),
(172, 257),
(172, 266),
(172, 274),
(172, 275),
(172, 281),
(172, 284),
(172, 326),
(172, 338),
(172, 354),
(172, 367),
(172, 377),
(172, 394),
(172, 396),
(173, 7),
(173, 117),
(173, 138),
(173, 145),
(173, 153),
(173, 157),
(173, 212),
(173, 273),
(173, 300),
(173, 301),
(173, 314),
(173, 334),
(173, 354),
(173, 373),
(173, 392),
(174, 6),
(174, 10),
(174, 22),
(174, 45),
(174, 53),
(174, 78),
(174, 109),
(174, 145),
(174, 147),
(174, 186),
(174, 193),
(174, 194),
(174, 198),
(174, 333),
(174, 350),
(174, 355),
(174, 369),
(175, 70),
(175, 121),
(175, 132),
(175, 183),
(175, 203),
(175, 258),
(175, 389),
(175, 393),
(176, 99),
(176, 234),
(176, 291),
(176, 345),
(176, 347),
(176, 369),
(177, 5),
(177, 9),
(177, 19),
(177, 51),
(177, 151),
(177, 193),
(177, 226),
(177, 239),
(177, 260),
(177, 264),
(177, 289),
(177, 301),
(177, 306),
(177, 311),
(177, 325),
(177, 349),
(177, 360),
(177, 362),
(178, 3),
(178, 9),
(178, 11),
(178, 21),
(178, 44),
(178, 47),
(178, 60),
(178, 67),
(178, 87),
(178, 92),
(178, 104),
(178, 142),
(178, 148),
(178, 204),
(178, 220),
(178, 231),
(178, 239),
(178, 253),
(178, 281),
(178, 296),
(178, 301),
(178, 322),
(178, 354),
(178, 366),
(178, 377),
(178, 378),
(178, 387),
(179, 6),
(179, 24),
(179, 27),
(179, 30),
(179, 34),
(179, 36),
(179, 73),
(179, 79),
(179, 86),
(179, 87),
(179, 124),
(179, 128),
(179, 142),
(179, 151),
(179, 153),
(179, 162),
(179, 166),
(179, 178),
(179, 192),
(179, 193),
(179, 200),
(179, 228),
(179, 245),
(179, 254),
(179, 255),
(179, 258),
(179, 259),
(179, 286),
(179, 299),
(179, 324),
(179, 325),
(179, 339),
(179, 349),
(179, 350),
(179, 355),
(179, 359),
(179, 378),
(179, 387),
(179, 400),
(180, 6),
(180, 18),
(180, 20),
(180, 42),
(180, 44),
(180, 51),
(180, 67),
(180, 79),
(180, 88),
(180, 93),
(180, 95),
(180, 105),
(180, 118),
(180, 120),
(180, 126),
(180, 132),
(180, 161),
(180, 167),
(180, 175),
(180, 196),
(180, 205),
(180, 210),
(180, 232),
(180, 254),
(180, 257),
(180, 259),
(180, 273),
(180, 276),
(180, 282),
(180, 289),
(180, 291),
(180, 295),
(180, 298),
(180, 299),
(180, 308),
(180, 356),
(180, 387),
(180, 394),
(180, 398),
(181, 5),
(181, 16),
(181, 44),
(181, 48),
(181, 55),
(181, 65),
(181, 82),
(181, 104),
(181, 123),
(181, 137),
(181, 139),
(181, 141),
(181, 216),
(181, 222),
(181, 229),
(181, 230),
(181, 247),
(181, 260),
(181, 262),
(181, 267),
(181, 288),
(181, 292),
(181, 295),
(181, 321),
(181, 330),
(181, 347),
(181, 356),
(181, 363),
(181, 367),
(181, 371),
(181, 373),
(181, 374),
(181, 377),
(181, 389),
(182, 4),
(182, 9),
(182, 20),
(182, 57),
(182, 65),
(182, 71),
(182, 77),
(182, 80),
(182, 104),
(182, 120),
(182, 124),
(182, 155),
(182, 164),
(182, 165),
(182, 186),
(182, 188),
(182, 197),
(182, 201),
(182, 202),
(182, 212),
(182, 231),
(182, 247),
(182, 251),
(182, 254),
(182, 272),
(182, 273),
(182, 282),
(182, 289),
(182, 294),
(182, 331),
(182, 338),
(182, 345),
(182, 350),
(182, 358),
(182, 365),
(182, 369),
(182, 374),
(182, 388),
(183, 59),
(183, 108),
(183, 110),
(183, 143),
(183, 157),
(183, 203),
(183, 208),
(183, 239),
(183, 251),
(183, 260),
(183, 271),
(183, 272),
(183, 304),
(184, 4),
(184, 33),
(184, 53),
(184, 64),
(184, 87),
(184, 108),
(184, 110),
(184, 113),
(184, 118),
(184, 131),
(184, 135),
(184, 158),
(184, 176),
(184, 182),
(184, 203),
(184, 204),
(184, 207),
(184, 216),
(184, 225),
(184, 242),
(184, 251),
(184, 254),
(184, 255),
(184, 267),
(184, 283),
(184, 316),
(184, 318),
(184, 329),
(184, 330),
(184, 337),
(184, 347),
(184, 354),
(184, 386),
(184, 388),
(184, 391),
(185, 52),
(185, 94),
(185, 137),
(185, 142),
(185, 168),
(185, 178),
(185, 183),
(185, 193),
(185, 194),
(185, 199),
(185, 204),
(185, 239),
(185, 255),
(185, 257),
(185, 280),
(185, 287),
(185, 295),
(185, 305),
(185, 310),
(185, 341),
(185, 352),
(185, 389),
(185, 390),
(186, 23),
(186, 52),
(186, 80),
(186, 84),
(186, 92),
(186, 123),
(186, 181),
(186, 183),
(186, 251),
(187, 25),
(187, 43),
(187, 52),
(187, 56),
(187, 92),
(187, 107),
(187, 109),
(187, 131),
(187, 158),
(187, 178),
(187, 185),
(187, 209),
(187, 236),
(187, 250),
(187, 258),
(187, 262),
(187, 289),
(187, 305),
(187, 395),
(188, 16),
(188, 21),
(188, 44),
(188, 45),
(188, 46),
(188, 57),
(188, 59),
(188, 79),
(188, 92),
(188, 95),
(188, 138),
(188, 161),
(188, 172),
(188, 199),
(188, 205),
(188, 207),
(188, 210),
(188, 214),
(188, 234),
(188, 241),
(188, 251),
(188, 275),
(188, 278),
(188, 281),
(188, 295),
(188, 320),
(188, 329),
(188, 343),
(188, 344),
(188, 349),
(188, 355),
(188, 385),
(189, 34),
(189, 61),
(189, 80),
(189, 135),
(189, 171),
(189, 183),
(189, 228),
(189, 239),
(189, 274),
(189, 287),
(189, 302),
(189, 341),
(189, 356),
(189, 377),
(189, 387),
(189, 399),
(190, 38),
(190, 52),
(190, 85),
(190, 90),
(190, 110),
(190, 119),
(190, 125),
(190, 151),
(190, 156),
(190, 167),
(190, 240),
(190, 244),
(190, 266),
(190, 269),
(190, 275),
(190, 337),
(190, 356),
(190, 384),
(191, 20),
(191, 31),
(191, 48),
(191, 55),
(191, 80),
(191, 110),
(191, 123),
(191, 139),
(191, 175),
(191, 208),
(191, 216),
(191, 233),
(191, 247),
(191, 259),
(191, 273),
(191, 322),
(191, 325),
(191, 338),
(191, 354),
(191, 393),
(192, 11),
(192, 16),
(192, 33),
(192, 42),
(192, 47),
(192, 52),
(192, 76),
(192, 77),
(192, 88),
(192, 127),
(192, 131),
(192, 133),
(192, 145),
(192, 157),
(192, 166),
(192, 168),
(192, 169),
(192, 174),
(192, 184),
(192, 189),
(192, 234),
(192, 263),
(192, 268),
(192, 271),
(192, 274),
(192, 298),
(192, 310),
(192, 311),
(192, 315),
(192, 332),
(192, 340),
(192, 345),
(192, 347),
(192, 356),
(192, 374),
(192, 375),
(192, 376),
(192, 393),
(193, 23),
(193, 25),
(193, 53),
(193, 63),
(193, 77),
(193, 88),
(193, 93),
(193, 100),
(193, 120),
(193, 122),
(193, 149),
(193, 167),
(193, 174),
(193, 176),
(193, 180),
(193, 185),
(193, 226),
(193, 233),
(193, 239),
(193, 240),
(193, 252),
(193, 260),
(193, 292),
(193, 306),
(193, 310),
(193, 313),
(193, 346),
(193, 364),
(194, 152),
(194, 174),
(194, 206),
(194, 224),
(195, 5),
(195, 8),
(195, 41),
(195, 45),
(195, 59),
(195, 65),
(195, 75),
(195, 119),
(195, 130),
(195, 142),
(195, 156),
(195, 180),
(195, 188),
(195, 197),
(195, 204),
(195, 206),
(195, 215),
(195, 220),
(195, 229),
(195, 237),
(195, 247),
(195, 265),
(195, 268),
(195, 269),
(195, 311),
(195, 336),
(195, 340),
(195, 341),
(195, 354),
(195, 381),
(196, 4),
(196, 24),
(196, 29),
(196, 33),
(196, 45),
(196, 79),
(196, 80),
(196, 87),
(196, 92),
(196, 103),
(196, 112),
(196, 116),
(196, 132),
(196, 139),
(196, 140),
(196, 175),
(196, 220),
(196, 240),
(196, 248),
(196, 254),
(196, 270),
(196, 280),
(196, 299),
(196, 323),
(196, 339),
(196, 355),
(196, 362),
(196, 365),
(196, 370),
(196, 387),
(196, 388),
(196, 396),
(196, 400),
(197, 25),
(197, 35),
(197, 52),
(197, 80),
(197, 116),
(197, 148),
(197, 155),
(197, 173),
(197, 245),
(197, 257),
(197, 258),
(197, 291),
(197, 311),
(197, 339),
(197, 352),
(197, 353),
(197, 366),
(197, 393),
(198, 2),
(198, 14),
(198, 50),
(198, 71),
(198, 159),
(198, 269),
(198, 299),
(198, 336),
(198, 392),
(199, 8),
(199, 15),
(199, 23),
(199, 24),
(199, 36),
(199, 45),
(199, 58),
(199, 66),
(199, 69),
(199, 102),
(199, 104),
(199, 140),
(199, 158),
(199, 160),
(199, 177),
(199, 230),
(199, 238),
(199, 280),
(199, 295),
(199, 299),
(199, 305),
(199, 314),
(199, 322),
(199, 354),
(199, 356),
(199, 363),
(199, 383),
(199, 398),
(199, 399),
(200, 3),
(200, 46),
(200, 53),
(200, 57),
(200, 81),
(200, 99),
(200, 129),
(200, 150),
(200, 179),
(200, 183),
(200, 187),
(200, 196),
(200, 200),
(200, 212),
(200, 215),
(200, 218),
(200, 229),
(200, 292),
(200, 295),
(200, 305),
(200, 387),
(200, 391);

-- --------------------------------------------------------

--
-- Structure de la table `song`
--

DROP TABLE IF EXISTS `song`;
CREATE TABLE IF NOT EXISTS `song` (
  `id` int(11) NOT NULL AUTO_INCREMENT,
  `name` varchar(255) NOT NULL,
  `duration` int(11) NOT NULL,
  `is_explicit` tinyint(1) NOT NULL,
  PRIMARY KEY (`id`)
) ENGINE=InnoDB AUTO_INCREMENT=501;

--
-- Déchargement des données de la table `song`
--

INSERT INTO `song` (`id`, `name`, `duration`, `is_explicit`) VALUES
(1, 'Cat, \'or you wouldn\'t.', 238, 0),
(2, 'The jury all wrote down.', 347, 1),
(3, 'Canary called out to.', 144, 0),
(4, 'Good-bye, feet!\' (for.', 197, 0),
(5, 'Footman remarked, \'till.', 135, 0),
(6, 'Alice. \'Why, there they.', 248, 1),
(7, 'I get SOMEWHERE,\' Alice.', 124, 1),
(8, 'NOT!\' cried the Mock.', 251, 1),
(9, 'Queen shouted at the.', 228, 1),
(10, 'She took down a large.', 322, 0),
(11, 'Alice hastily replied.', 339, 1),
(12, 'I\'m mad.\' \'I call it.', 214, 1),
(13, 'King, and he hurried.', 245, 0),
(14, 'Conqueror, whose cause.', 339, 0),
(15, 'Shark, But, when the.', 188, 0),
(16, 'Gryphon. \'I mean, what.', 144, 0),
(17, 'The question is, what.', 331, 0),
(18, 'As soon as there was no.', 170, 1),
(19, 'Alice ventured to ask.', 246, 1),
(20, 'Mock Turtle is.\' \'It\'s.', 236, 1),
(21, 'VERY long claws and a.', 194, 0),
(22, 'I hadn\'t quite finished.', 136, 0),
(23, 'The only things in the.', 297, 1),
(24, 'Hatter continued, \'in.', 248, 1),
(25, 'March Hare said to the.', 161, 0),
(26, 'I\'LL soon make you a.', 125, 1),
(27, 'I know is, something.', 314, 0),
(28, 'King. \'Nearly two miles.', 225, 0),
(29, 'She got up in spite of.', 159, 0),
(30, 'I should frighten them.', 232, 1),
(31, 'Who ever saw in another.', 150, 0),
(32, 'I know?\' said Alice, \'a.', 190, 1),
(33, 'French mouse, come over.', 262, 0),
(34, 'Duchess, \'as pigs have.', 286, 1),
(35, 'Mouse, sharply and very.', 214, 0),
(36, 'Off--\' \'Nonsense!\' said.', 292, 0),
(37, 'Alice, very earnestly.', 154, 0),
(38, 'And certainly there was.', 178, 0),
(39, 'Rabbit\'s--\'Pat! Pat!.', 286, 0),
(40, 'Mouse\'s tail; \'but why.', 319, 0),
(41, 'BEST butter, you know.\'.', 223, 0),
(42, 'The Mouse looked at it.', 163, 1),
(43, 'Dinn may be,\' said the.', 200, 1),
(44, 'I grow up, I\'ll write.', 234, 1),
(45, 'Queen\'s voice in the.', 275, 0),
(46, 'I vote the young Crab.', 299, 0),
(47, 'M?\' said Alice. \'Why?\'.', 332, 1),
(48, 'Alice, who had followed.', 190, 0),
(49, 'I\'ll stay down here!.', 251, 1),
(50, 'Gryphon. \'It all came.', 243, 1),
(51, 'So you see, Miss, this.', 221, 1),
(52, 'Queen, who was talking.', 138, 1),
(53, 'Exactly as we needn\'t.', 143, 0),
(54, 'White Rabbit returning.', 296, 0),
(55, 'After a time there were.', 341, 0),
(56, 'Mad Tea-Party There was.', 185, 0),
(57, 'King. \'Shan\'t,\' said.', 122, 0),
(58, 'Down, down, down. There.', 294, 1),
(59, 'Bill! I wouldn\'t say.', 131, 0),
(60, 'It\'s by far the most.', 174, 0),
(61, 'The Hatter looked at.', 308, 1),
(62, 'March Hare went \'Sh!.', 123, 1),
(63, 'This did not come the.', 321, 1),
(64, 'CHAPTER XII. Alice\'s.', 351, 1),
(65, 'The Mouse looked at the.', 309, 1),
(66, 'She got up and picking.', 276, 0),
(67, 'Alice soon came upon a.', 290, 1),
(68, 'Let me see: four times.', 208, 1),
(69, 'I needn\'t be afraid of.', 224, 0),
(70, 'Sir, With no jury or.', 246, 0),
(71, 'Alice for protection.', 343, 0),
(72, 'Alice, \'it would have.', 334, 1),
(73, 'I dare say you never.', 205, 1),
(74, 'Cat. \'--so long as I.', 213, 1),
(75, 'Alice, \'and why it is.', 150, 1),
(76, 'Pigeon the opportunity.', 239, 1),
(77, 'Alice, quite forgetting.', 344, 1),
(78, 'The Fish-Footman began.', 221, 0),
(79, 'ME\' were beautifully.', 261, 1),
(80, 'Caterpillar. Alice said.', 180, 1),
(81, 'Alice said very humbly.', 301, 0),
(82, 'Alice could see it trot.', 214, 1),
(83, 'Alice had got its neck.', 152, 0),
(84, 'Alice looked up, and.', 162, 0),
(85, 'French lesson-book. The.', 267, 1),
(86, 'Trims his belt and his.', 357, 1),
(87, 'As she said this, she.', 322, 1),
(88, 'Mock Turtle: \'crumbs.', 200, 0),
(89, 'COULD! I\'m sure I can\'t.', 285, 0),
(90, 'And he added in a tone.', 200, 0),
(91, 'WHAT?\' thought Alice.', 228, 1),
(92, 'I can\'t remember,\' said.', 348, 0),
(93, 'Gryphon interrupted in.', 336, 1),
(94, 'WAS a narrow escape!\'.', 301, 1),
(95, 'Alice didn\'t think that.', 297, 1),
(96, 'I should think!\' (Dinah.', 188, 1),
(97, 'Lobster Quadrille, that.', 270, 0),
(98, 'Hatter, \'you wouldn\'t.', 210, 0),
(99, 'Duck and a great crowd.', 150, 0),
(100, 'YOU, and no more to do.', 122, 0),
(101, 'All the time she heard.', 142, 1),
(102, 'The first witness was.', 121, 0),
(103, 'Queen\'s absence, and.', 283, 0),
(104, 'King. \'I can\'t explain.', 353, 0),
(105, 'Hatter, with an M--\'.', 267, 0),
(106, 'This seemed to listen.', 305, 1),
(107, 'Hatter were having tea.', 326, 1),
(108, 'Alice, looking down at.', 319, 1),
(109, 'The master was an old.', 279, 1),
(110, 'Her first idea was that.', 157, 1),
(111, 'I say,\' the Mock Turtle.', 144, 1),
(112, 'Mock Turtle repeated.', 194, 0),
(113, 'Alice, who felt ready.', 253, 1),
(114, 'And then a great hurry.', 295, 0),
(115, 'SOME change in my time.', 307, 0),
(116, 'And the moral of that.', 215, 1),
(117, 'I might venture to go.', 230, 1),
(118, 'Rabbit asked. \'No, I.', 274, 1),
(119, 'I like\"!\' \'You might.', 179, 0),
(120, 'At this moment Alice.', 236, 0),
(121, 'I hadn\'t gone down that.', 327, 1),
(122, 'Alice was a different.', 148, 1),
(123, 'The further off from.', 179, 0),
(124, 'He was an old crab, HE.', 337, 1),
(125, 'Heads below!\' (a loud.', 321, 1),
(126, 'I\'m perfectly sure I.', 303, 1),
(127, 'Edgar Atheling to meet.', 134, 0),
(128, 'I\'ve had such a long.', 329, 0),
(129, 'Panther received knife.', 262, 1),
(130, 'Alice could hear him.', 236, 0),
(131, 'Alice (she was so long.', 274, 0),
(132, 'Mock Turtle sang this.', 222, 1),
(133, 'By the use of a dance.', 280, 0),
(134, 'Dodo had paused as if.', 343, 1),
(135, 'I can\'t quite follow it.', 238, 1),
(136, 'Majesty!\' the soldiers.', 195, 0),
(137, 'I? Ah, THAT\'S the great.', 241, 0),
(138, 'Duck. \'Found IT,\' the.', 213, 0),
(139, 'I must go back and see.', 140, 1),
(140, 'Hatter went on, without.', 127, 0),
(141, 'Alice indignantly, and.', 179, 0),
(142, 'Lobster Quadrille is!\'.', 352, 0),
(143, 'Hatter went on, \'What\'s.', 339, 0),
(144, 'Alice. \'You did,\' said.', 126, 1),
(145, 'THROUGH the earth! How.', 217, 1),
(146, 'Alice was so long that.', 125, 0),
(147, 'Let me see--how IS it.', 356, 1),
(148, 'Alice waited a little.', 304, 0),
(149, 'Mock Turtle, capering.', 209, 0),
(150, 'A MILE HIGH TO LEAVE.', 197, 0),
(151, 'The Knave did so, and.', 213, 1),
(152, 'Rabbit actually TOOK A.', 333, 0),
(153, 'Imagine her surprise.', 155, 0),
(154, 'Alice very meekly: \'I\'m.', 242, 1),
(155, 'Mouse only growled in.', 195, 0),
(156, 'Queen, tossing her head.', 345, 0),
(157, 'This answer so confused.', 142, 1),
(158, 'Alice; and Alice was.', 215, 1),
(159, 'WOULD always get into.', 219, 1),
(160, 'I never knew so much at.', 360, 1),
(161, 'So she began thinking.', 330, 0),
(162, 'As soon as there was.', 327, 0),
(163, 'I shall ever see you.', 320, 1),
(164, 'A secret, kept from all.', 241, 1),
(165, 'I\'ll look first,\' she.', 123, 1),
(166, 'Rabbit angrily. \'Here!.', 134, 0),
(167, 'There was no label this.', 259, 1),
(168, 'I\'d hardly finished the.', 180, 0),
(169, 'That your eye was as.', 303, 0),
(170, 'THAT like?\' said Alice.', 345, 1),
(171, 'I suppose?\' said Alice.', 120, 1),
(172, 'HER about it.\' \'She\'s.', 253, 0),
(173, 'Alice as it can be,\'.', 329, 1),
(174, 'Lizard as she ran. \'How.', 172, 0),
(175, 'Hatter. \'I deny it!\'.', 180, 0),
(176, 'I think it was,\' the.', 162, 0),
(177, 'For instance, if you.', 164, 1),
(178, 'Alice coming. \'There\'s.', 303, 1),
(179, 'White Rabbit blew three.', 297, 1),
(180, 'I to get rather sleepy.', 171, 1),
(181, 'I\'ll tell you just now.', 262, 1),
(182, 'March Hare. Alice was.', 248, 1),
(183, 'Dormouse fell asleep.', 174, 0),
(184, 'She had quite forgotten.', 318, 1),
(185, 'How puzzling all these.', 154, 0),
(186, 'Dormouse. \'Don\'t talk.', 200, 1),
(187, 'Dormouse into the wood.', 174, 0),
(188, 'Alice in a tone of the.', 313, 1),
(189, 'Alice, \'how am I to do.', 203, 1),
(190, 'Father William replied.', 254, 0),
(191, 'However, I\'ve got to.', 303, 1),
(192, 'Alice, (she had grown.', 171, 0),
(193, 'King had said that day.', 241, 0),
(194, 'Queen merely remarking.', 156, 1),
(195, 'How I wonder if I\'ve.', 240, 1),
(196, 'Alice, who felt very.', 328, 0),
(197, 'Alice soon came to the.', 198, 0),
(198, 'This time there could.', 245, 0),
(199, 'Alice quite jumped; but.', 259, 1),
(200, 'Alice, a little shriek.', 193, 1),
(201, 'Alice glanced rather.', 250, 1),
(202, 'I shall think nothing.', 253, 1),
(203, 'The Hatter shook his.', 332, 0),
(204, 'But she did not like to.', 192, 1),
(205, 'Lizard, Bill, was in.', 131, 1),
(206, 'Alice; \'living at the.', 304, 1),
(207, 'I sleep\" is the capital.', 245, 0),
(208, 'In the very tones of.', 298, 1),
(209, 'Soo--oop of the house.', 220, 1),
(210, 'Alice and all dripping.', 359, 0),
(211, 'Mock Turtle. \'Certainly.', 312, 0),
(212, 'This seemed to follow.', 358, 0),
(213, 'King repeated angrily.', 147, 0),
(214, 'Alice. \'I\'ve read that.', 314, 1),
(215, 'I\'ll go round and swam.', 206, 0),
(216, 'Alice remarked. \'Right.', 217, 0),
(217, 'YOU are, first.\' \'Why?\'.', 360, 1),
(218, 'I am! But I\'d better.', 276, 0),
(219, 'This time there were.', 325, 1),
(220, 'Caterpillar. This was.', 190, 1),
(221, 'Dormouse followed him.', 320, 0),
(222, 'I don\'t think,\' Alice.', 159, 0),
(223, 'Forty-two. ALL PERSONS.', 279, 0),
(224, 'Queen turned crimson.', 293, 0),
(225, 'I mentioned before, And.', 153, 1),
(226, 'Queen! The Queen!\' and.', 352, 1),
(227, 'Alice, \'to pretend to.', 186, 1),
(228, 'I wish you were me?\'.', 243, 1),
(229, 'There are no mice in.', 344, 1),
(230, 'The Mock Turtle drew a.', 350, 0),
(231, 'WOULD put their heads.', 305, 1),
(232, 'Alice, \'a great girl.', 273, 1),
(233, 'King eagerly, and he.', 265, 1),
(234, 'SOMETHING interesting.', 285, 1),
(235, 'Alice, and she thought.', 236, 1),
(236, 'She was looking down at.', 284, 1),
(237, 'The jury all brightened.', 256, 1),
(238, 'Pepper For a minute or.', 267, 1),
(239, 'I can\'t get out of his.', 126, 0),
(240, 'Alice sadly. \'Hand it.', 163, 1),
(241, 'She had not got into.', 330, 1),
(242, 'And oh, my poor hands.', 250, 0),
(243, 'King, and he checked.', 178, 0),
(244, 'And yet you incessantly.', 315, 1),
(245, 'Alice, surprised at her.', 239, 1),
(246, 'Rabbit, and had come to.', 275, 0),
(247, 'ARE a simpleton.\' Alice.', 265, 1),
(248, 'That he met in the sea.', 350, 0),
(249, 'Time!\' \'Perhaps not,\'.', 183, 0),
(250, 'King sharply. \'Do you.', 171, 0),
(251, 'Dormouse; \'--well in.\'.', 296, 0),
(252, 'Please, Ma\'am, is this.', 355, 1),
(253, 'Caterpillar. \'Is that.', 176, 1),
(254, 'AND WASHING--extra.\"\'.', 311, 0),
(255, 'CHAPTER X. The Lobster.', 287, 1),
(256, 'While the Owl had the.', 323, 1),
(257, 'They\'re dreadfully fond.', 155, 0),
(258, 'This seemed to be rude.', 225, 0),
(259, 'I shall have somebody.', 171, 1),
(260, 'Mock Turtle in a day or.', 143, 0),
(261, 'YOUR shoes done with?\'.', 312, 1),
(262, 'Alice, \'but I know THAT.', 344, 0),
(263, 'Alice as he spoke. \'A.', 250, 0),
(264, 'White Rabbit; \'in fact.', 292, 0),
(265, 'Alice a little scream.', 132, 1),
(266, 'March Hare said--\' \'I.', 252, 1),
(267, 'Alice went on growing.', 326, 0),
(268, 'King, and the arm that.', 197, 1),
(269, 'His voice has a timid.', 260, 1),
(270, 'CHAPTER V. Advice from.', 215, 1),
(271, 'Mouse was swimming away.', 155, 0),
(272, 'King; and as it spoke.', 308, 0),
(273, 'Queen was to twist it.', 263, 1),
(274, 'How she longed to get.', 238, 1),
(275, 'March Hare moved into.', 185, 1),
(276, 'Adventures of hers that.', 257, 0),
(277, 'I ever heard!\' \'Yes, I.', 184, 1),
(278, 'Tortoise because he was.', 216, 0),
(279, 'As she said to herself.', 213, 1),
(280, 'I gave her one, they.', 175, 1),
(281, 'Alice looked all round.', 350, 0),
(282, 'Alice)--\'and perhaps.', 229, 1),
(283, 'By the use of repeating.', 347, 0),
(284, 'Mock Turtle would be.', 298, 1),
(285, 'T!\' said the Queen, who.', 221, 0),
(286, 'Lobster Quadrille The.', 170, 0),
(287, 'I\'m pleased, and wag my.', 138, 0),
(288, 'This speech caused a.', 174, 1),
(289, 'Has lasted the rest of.', 320, 1),
(290, 'Alice. \'Come on, then,\'.', 360, 0),
(291, 'First, she dreamed of.', 359, 0),
(292, 'The moment Alice felt.', 303, 1),
(293, 'How neatly spread his.', 350, 0),
(294, 'Oh dear! I shall be a.', 266, 0),
(295, 'It sounded an excellent.', 120, 1),
(296, 'There ought to have no.', 168, 1),
(297, 'Now, if you don\'t even.', 340, 0),
(298, 'Indeed, she had never.', 266, 0),
(299, 'I\'ll write one--but I\'m.', 287, 1),
(300, 'Alice more boldly: \'you.', 147, 0),
(301, 'So Bill\'s got to grow.', 318, 1),
(302, 'Alice did not come the.', 148, 0),
(303, 'Then followed the Knave.', 257, 1),
(304, 'Mock Turtle. \'And how.', 121, 0),
(305, 'Alice could bear: she.', 169, 0),
(306, 'Why, it fills the whole.', 211, 1),
(307, 'Alice to herself. \'I.', 174, 0),
(308, 'So she tucked it away.', 162, 1),
(309, 'Duchess said to herself.', 191, 0),
(310, 'Alice in a few minutes.', 211, 0),
(311, 'Alice. \'Exactly so,\'.', 228, 0),
(312, 'I then? Tell me that.', 130, 1),
(313, 'Lizard as she went out.', 212, 1),
(314, 'Queen: so she set the.', 330, 1),
(315, 'Bill! I wouldn\'t be in.', 245, 0),
(316, 'Alice; \'I might as well.', 248, 0),
(317, 'Alice would not allow.', 244, 1),
(318, 'At last the Mock Turtle.', 182, 0),
(319, 'It means much the same.', 197, 0),
(320, 'I will just explain to.', 280, 0),
(321, 'Alice would not join.', 297, 0),
(322, 'Alice; \'it\'s laid for a.', 274, 0),
(323, 'Alice dodged behind a.', 136, 0),
(324, 'III. A Caucus-Race and.', 312, 1),
(325, 'NO mistake about it: it.', 293, 1),
(326, 'He looked at Alice, as.', 270, 1),
(327, 'Dinah my dear! Let this.', 158, 0),
(328, 'Alice could hear the.', 217, 0),
(329, 'King hastily said, and.', 150, 0),
(330, 'I think that will be.', 225, 0),
(331, 'Adventures, till she.', 158, 1),
(332, 'Gryphon: and Alice was.', 216, 1),
(333, 'ME,\' said the Hatter.', 309, 1),
(334, 'I can\'t see you?\' She.', 229, 1),
(335, 'Duchess; \'and the moral.', 268, 0),
(336, 'Bill!\' then the other.', 271, 1),
(337, 'And he got up and said.', 223, 0),
(338, 'I\'ll try and say \"How.', 325, 1),
(339, 'Alice began, in a great.', 227, 1),
(340, 'Wonderland, though she.', 267, 0),
(341, 'Hatter, with an M, such.', 219, 0),
(342, 'Mock Turtle in a moment.', 129, 0),
(343, 'Hatter: \'as the things.', 274, 1),
(344, 'There were doors all.', 123, 0),
(345, 'BE TRUE--\" that\'s the.', 242, 1),
(346, 'The long grass rustled.', 287, 1),
(347, 'There was a table set.', 294, 1),
(348, 'Said his father; \'don\'t.', 256, 1),
(349, 'Mock Turtle a little.', 324, 1),
(350, 'Alice. \'And ever since.', 323, 0),
(351, 'King. The White Rabbit.', 281, 1),
(352, 'Cheshire Cat, she was.', 274, 1),
(353, 'Alice was not going to.', 137, 1),
(354, 'Alice, who was peeping.', 327, 1),
(355, 'An obstacle that came.', 300, 1),
(356, 'MINE,\' said the Mock.', 130, 0),
(357, 'LESS,\' said the Hatter.', 159, 0),
(358, 'So Alice began telling.', 257, 0),
(359, 'Mouse in the wood, \'is.', 337, 1),
(360, 'SHE, of course,\' said.', 156, 1),
(361, 'Very soon the Rabbit in.', 204, 0),
(362, 'Gryphon replied rather.', 166, 0),
(363, 'I must be off, and had.', 158, 1),
(364, 'Conqueror.\' (For, with.', 327, 0),
(365, 'Dormouse indignantly.', 190, 1),
(366, 'It doesn\'t look like.', 309, 0),
(367, 'Dormouse shall!\' they.', 272, 0),
(368, 'Mock Turtle yet?\' \'No,\'.', 272, 1),
(369, 'VERY much out of the.', 307, 0),
(370, 'King: \'however, it may.', 290, 1),
(371, 'Duchess sang the second.', 276, 1),
(372, 'Alice ventured to say.', 166, 1),
(373, 'Alice thought she might.', 130, 1),
(374, 'Alice ventured to taste.', 237, 0),
(375, 'You see, she came upon.', 158, 0),
(376, 'Dormouse shook itself.', 254, 1),
(377, 'At last the Dodo could.', 306, 0),
(378, 'There was a long time.', 330, 0),
(379, 'Alice, (she had kept a.', 218, 1),
(380, 'Gryphon, before Alice.', 246, 1),
(381, 'I\'ll just see what the.', 228, 1),
(382, 'TOOK A WATCH OUT OF ITS.', 195, 0),
(383, 'Who for such dainties.', 146, 0),
(384, 'It means much the most.', 187, 1),
(385, 'Poor Alice! It was so.', 278, 1),
(386, 'I only knew the name of.', 334, 0),
(387, 'King. \'It began with.', 245, 1),
(388, 'Gryphon. \'--you advance.', 174, 1),
(389, 'Alice thought the poor.', 298, 1),
(390, 'Caterpillar\'s making.', 160, 1),
(391, 'Queen, and Alice, were.', 205, 1),
(392, 'However, this bottle.', 293, 0),
(393, 'Canary called out \'The.', 293, 1),
(394, 'Hatter. \'He won\'t stand.', 189, 0),
(395, 'The Mouse gave a little.', 347, 1),
(396, 'Alice aloud, addressing.', 289, 0),
(397, 'The Gryphon lifted up.', 139, 0),
(398, 'Five. \'I heard every.', 356, 0),
(399, 'Alice did not like to.', 330, 1),
(400, 'So she began: \'O Mouse.', 268, 1),
(401, 'Then came a little of.', 213, 1),
(402, 'Duchess, digging her.', 154, 0),
(403, 'Rabbit noticed Alice.', 291, 1),
(404, 'Majesty,\' said Alice.', 360, 1),
(405, 'I\'LL soon make you grow.', 343, 1),
(406, 'Alice, who always took.', 360, 0),
(407, 'Duchess; \'and that\'s.', 351, 0),
(408, 'Alice thought she had.', 221, 1),
(409, 'Gryphon whispered in a.', 300, 1),
(410, 'Hatter. \'Stolen!\' the.', 198, 0),
(411, 'And he added looking.', 301, 1),
(412, 'They had not long to.', 187, 1),
(413, 'Alice in a natural way.', 192, 1),
(414, 'I\'ll just see what was.', 236, 1),
(415, 'Dinah my dear! I shall.', 282, 0),
(416, 'Queen in front of them.', 328, 0),
(417, 'ME.\' \'You!\' said the.', 358, 1),
(418, 'Dodo managed it.) First.', 295, 1),
(419, 'Gryphon. \'Do you play.', 172, 1),
(420, 'And she\'s such a new.', 233, 1),
(421, 'I\'ve had such a curious.', 338, 0),
(422, 'So Alice got up very.', 185, 1),
(423, 'Alice indignantly. \'Ah!.', 286, 1),
(424, 'I think--\' (for, you.', 198, 1),
(425, 'I can\'t be Mabel, for I.', 229, 0),
(426, 'Mouse with an important.', 181, 0),
(427, 'Alice did not dare to.', 135, 0),
(428, 'WAS a curious plan!\'.', 133, 0),
(429, 'CURTSEYING as you\'re.', 306, 0),
(430, 'Indeed, she had got to.', 149, 0),
(431, 'Alice, \'and why it is I.', 256, 1),
(432, 'Pigeon. \'I can tell you.', 149, 0),
(433, 'Alice \'without pictures.', 180, 0),
(434, 'Bill,\' thought Alice,).', 283, 1),
(435, 'And with that she ought.', 214, 1),
(436, 'Hatter went on, \'you.', 174, 1),
(437, 'Gryphon: and it put the.', 145, 0),
(438, 'I ever was at in all.', 146, 0),
(439, 'Come on!\' \'Everybody.', 193, 1),
(440, 'I almost wish I hadn\'t.', 189, 0),
(441, 'Was kindly permitted to.', 134, 1),
(442, 'White Rabbit with pink.', 304, 0),
(443, 'Lobster; I heard him.', 302, 1),
(444, 'Dormouse go on with the.', 194, 1),
(445, 'Mary Ann, what ARE you.', 200, 1),
(446, 'I hadn\'t to bring but.', 158, 1),
(447, 'Alice looked at poor.', 195, 1),
(448, 'I\'ll set Dinah at you!\'.', 203, 0),
(449, 'Only I don\'t know,\' he.', 241, 1),
(450, 'Alice felt so desperate.', 127, 0),
(451, 'For this must be the.', 225, 1),
(452, 'Dormouse, not choosing.', 214, 0),
(453, 'Gryphon: and it said in.', 144, 0),
(454, 'I can remember feeling.', 194, 0),
(455, 'Lizard, who seemed to.', 269, 0),
(456, 'After these came the.', 248, 1),
(457, 'For really this morning.', 277, 1),
(458, 'I\'m Mabel, I\'ll stay.', 170, 1),
(459, 'Alice very humbly: \'you.', 217, 1),
(460, 'I am now? That\'ll be a.', 188, 0),
(461, 'M, such as mouse-traps.', 272, 0),
(462, 'Mouse to tell me your.', 154, 1),
(463, 'Would not, could not.', 120, 1),
(464, 'ME,\' but nevertheless.', 173, 0),
(465, 'Duchess; \'and most of.', 282, 0),
(466, 'Caterpillar, just as.', 333, 0),
(467, 'I\'ve tried hedges,\' the.', 308, 1),
(468, 'Alice. \'Of course you.', 277, 0),
(469, 'King, the Queen, and.', 156, 1),
(470, 'March Hare and the cool.', 359, 1),
(471, 'This did not like the.', 289, 0),
(472, 'THAT\'S a good way off.', 175, 1),
(473, 'Hatter hurriedly left.', 177, 0),
(474, 'But she waited for a.', 189, 0),
(475, 'Duchess, \'chop off her.', 337, 0),
(476, 'Alice said nothing; she.', 230, 0),
(477, 'Alice, \'they\'re sure to.', 265, 0),
(478, 'But the snail replied.', 258, 0),
(479, 'Cat\'s head began fading.', 144, 1),
(480, 'I was sent for.\' \'You.', 321, 0),
(481, 'Mock Turtle replied in.', 220, 0),
(482, 'And she\'s such a fall.', 239, 0),
(483, 'Dormouse, who seemed.', 283, 1),
(484, 'Gryphon said to herself.', 258, 1),
(485, 'And the Gryphon added.', 183, 1),
(486, 'Alice. \'I\'m glad they.', 316, 1),
(487, 'Edwin and Morcar, the.', 199, 0),
(488, 'And yet I wish I had to.', 241, 1),
(489, 'Why, I do so like that.', 168, 0),
(490, 'ALL RETURNED FROM HIM.', 355, 1),
(491, 'Alice had not the same.', 301, 0),
(492, 'Duchess to play croquet.', 249, 1),
(493, 'I didn\'t,\' said Alice.', 222, 1),
(494, 'All this time the Queen.', 148, 0),
(495, 'Hatter began, in rather.', 217, 0),
(496, 'King; and the Hatter.', 283, 1),
(497, 'So they began solemnly.', 279, 0),
(498, 'You gave us three or.', 201, 1),
(499, 'Alice. \'I\'m glad I\'ve.', 167, 1),
(500, 'King, and the sound of.', 267, 1);

-- --------------------------------------------------------

--
-- Structure de la table `subscription`
--

DROP TABLE IF EXISTS `subscription`;
CREATE TABLE IF NOT EXISTS `subscription` (
  `id` int(11) NOT NULL AUTO_INCREMENT,
  `name` varchar(255) NOT NULL,
  `cost` double NOT NULL,
  PRIMARY KEY (`id`)
) ENGINE=InnoDB AUTO_INCREMENT=4;

--
-- Déchargement des données de la table `subscription`
--

INSERT INTO `subscription` (`id`, `name`, `cost`) VALUES
(1, 'Free', 0),
(2, 'Premium', 11.99),
(3, 'Famille', 14.99);

--
-- Contraintes pour les tables déchargées
--

--
-- Contraintes pour la table `account_like_playlist`
--
ALTER TABLE `account_like_playlist`
  ADD CONSTRAINT `FK_EA90D1A66BBD148` FOREIGN KEY (`playlist_id`) REFERENCES `playlist` (`id`) ON DELETE CASCADE,
  ADD CONSTRAINT `FK_EA90D1A69B6B5FBA` FOREIGN KEY (`account_id`) REFERENCES `account` (`id`) ON DELETE CASCADE;

--
-- Contraintes pour la table `account_subscription`
--
ALTER TABLE `account_subscription`
  ADD CONSTRAINT `FK_3A1E72959A1887DC` FOREIGN KEY (`subscription_id`) REFERENCES `subscription` (`id`),
  ADD CONSTRAINT `FK_3A1E72959B6B5FBA` FOREIGN KEY (`account_id`) REFERENCES `account` (`id`);

--
-- Contraintes pour la table `album`
--
ALTER TABLE `album`
  ADD CONSTRAINT `FK_39986E43B7970CF8` FOREIGN KEY (`artist_id`) REFERENCES `artist` (`id`);

--
-- Contraintes pour la table `album_song`
--
ALTER TABLE `album_song`
  ADD CONSTRAINT `FK_57E658E11137ABCF` FOREIGN KEY (`album_id`) REFERENCES `album` (`id`) ON DELETE CASCADE,
  ADD CONSTRAINT `FK_57E658E1A0BDB2F3` FOREIGN KEY (`song_id`) REFERENCES `song` (`id`) ON DELETE CASCADE;

--
-- Contraintes pour la table `playlist`
--
ALTER TABLE `playlist`
  ADD CONSTRAINT `FK_D782112D9B6B5FBA` FOREIGN KEY (`account_id`) REFERENCES `account` (`id`);

--
-- Contraintes pour la table `playlist_song`
--
ALTER TABLE `playlist_song`
  ADD CONSTRAINT `FK_93F4D9C36BBD148` FOREIGN KEY (`playlist_id`) REFERENCES `playlist` (`id`) ON DELETE CASCADE,
  ADD CONSTRAINT `FK_93F4D9C3A0BDB2F3` FOREIGN KEY (`song_id`) REFERENCES `song` (`id`) ON DELETE CASCADE;
COMMIT;

/*!40101 SET CHARACTER_SET_CLIENT=@OLD_CHARACTER_SET_CLIENT */;
/*!40101 SET CHARACTER_SET_RESULTS=@OLD_CHARACTER_SET_RESULTS */;
/*!40101 SET COLLATION_CONNECTION=@OLD_COLLATION_CONNECTION */;
